country_code,country_name,week,in_eu,euro95_eur_l,diesel_eur_l,currency,eur_rate,eur_rate_date,euro95_local_l,diesel_local_l
AT,Austria,2026-07-27,True,1.874,2.051,EUR,1.0,,1.874,2.051
AT,Austria,2026-08-03,True,1.838,2.05,EUR,1.0,,1.838,2.05
AT,Austria,2026-08-10,True,1.721,1.965,EUR,1.0,,1.721,1.965
AT,Austria,2026-08-17,True,1.795,2.043,EUR,1.0,,1.795,2.043
AT,Austria,2026-08-24,True,1.784,2.05,EUR,1.0,,1.784,2.05
AT,Austria,2026-08-31,True,1.784,1.993,EUR,1.0,,1.784,1.993
AT,Austria,2026-09-07,True,1.912,2.126,EUR,1.0,,1.912,2.126
AT,Austria,2026-09-14,True,1.894,2.197,EUR,1.0,,1.894,2.197
AT,Austria,2026-09-21,True,1.925,2.238,EUR,1.0,,1.925,2.238
AT,Austria,2026-09-28,True,1.956,2.259,EUR,1.0,,1.956,2.259
BE,Belgium,2026-07-27,True,1.888,2.141,EUR,1.0,,1.888,2.141
BE,Belgium,2026-08-03,True,1.883,2.179,EUR,1.0,,1.883,2.179
BE,Belgium,2026-08-10,True,1.814,2.157,EUR,1.0,,1.814,2.157
BE,Belgium,2026-08-17,True,1.841,2.174,EUR,1.0,,1.841,2.174
BE,Belgium,2026-08-24,True,1.9,2.257,EUR,1.0,,1.9,2.257
BE,Belgium,2026-08-31,True,1.885,2.208,EUR,1.0,,1.885,2.208
BE,Belgium,2026-09-07,True,1.938,2.254,EUR,1.0,,1.938,2.254
BE,Belgium,2026-09-14,True,1.976,2.29,EUR,1.0,,1.976,2.29
BE,Belgium,2026-09-21,True,1.988,2.387,EUR,1.0,,1.988,2.387
BE,Belgium,2026-09-28,True,2.032,2.43,EUR,1.0,,2.032,2.43
BG,Bulgaria,2026-07-27,True,1.515,1.679,EUR,1.0,,1.515,1.679
BG,Bulgaria,2026-08-03,True,1.533,1.743,EUR,1.0,,1.533,1.743
BG,Bulgaria,2026-08-10,True,1.533,1.743,EUR,1.0,,1.533,1.743
BG,Bulgaria,2026-08-17,True,1.535,1.768,EUR,1.0,,1.535,1.768
BG,Bulgaria,2026-08-24,True,1.55,1.798,EUR,1.0,,1.55,1.798
BG,Bulgaria,2026-08-31,True,1.571,1.813,EUR,1.0,,1.571,1.813
BG,Bulgaria,2026-09-07,True,1.59,1.816,EUR,1.0,,1.59,1.816
BG,Bulgaria,2026-09-14,True,1.62,1.856,EUR,1.0,,1.62,1.856
BG,Bulgaria,2026-09-21,True,1.663,1.916,EUR,1.0,,1.663,1.916
BG,Bulgaria,2026-09-28,True,1.675,1.928,EUR,1.0,,1.675,1.928
CY,Cyprus,2026-07-27,True,1.517,1.639,EUR,1.0,,1.517,1.639
CY,Cyprus,2026-08-03,True,1.561,1.698,EUR,1.0,,1.561,1.698
CY,Cyprus,2026-08-10,True,1.593,1.783,EUR,1.0,,1.593,1.783
CY,Cyprus,2026-08-17,True,1.595,1.804,EUR,1.0,,1.595,1.804
CY,Cyprus,2026-08-24,True,1.594,1.833,EUR,1.0,,1.594,1.833
CY,Cyprus,2026-08-31,True,1.602,1.857,EUR,1.0,,1.602,1.857
CY,Cyprus,2026-09-07,True,1.632,1.895,EUR,1.0,,1.632,1.895
CY,Cyprus,2026-09-14,True,1.65,1.915,EUR,1.0,,1.65,1.915
CY,Cyprus,2026-09-21,True,1.677,1.948,EUR,1.0,,1.677,1.948
CY,Cyprus,2026-09-28,True,1.733,2.023,EUR,1.0,,1.733,2.023
CZ,Czechia,2026-07-27,True,1.746,1.814,CZK,24.156,2026-07-27,42.181,43.83
CZ,Czechia,2026-08-03,True,1.744,1.844,CZK,24.206,2026-08-03,42.224,44.631
CZ,Czechia,2026-08-10,True,1.703,1.813,CZK,24.252,2026-08-10,41.304,43.973
CZ,Czechia,2026-08-17,True,1.714,1.844,CZK,24.201,2026-08-17,41.469,44.626
CZ,Czechia,2026-08-24,True,1.739,1.899,CZK,24.1,2026-08-24,41.908,45.76
CZ,Czechia,2026-08-31,True,1.742,1.903,CZK,24.122,2026-08-31,42.023,45.915
CZ,Czechia,2026-09-07,True,1.806,1.958,CZK,24.197,2026-09-07,43.708,47.389
CZ,Czechia,2026-09-14,True,1.828,1.991,CZK,24.294,2026-09-14,44.403,48.366
CZ,Czechia,2026-09-21,True,1.884,2.071,CZK,24.352,2026-09-21,45.878,50.434
CZ,Czechia,2026-09-28,True,1.88,2.076,CZK,24.397,2026-09-28,45.866,50.649
DE,Germany,2026-07-27,True,2.191,2.186,EUR,1.0,,2.191,2.186
DE,Germany,2026-08-03,True,2.184,2.208,EUR,1.0,,2.184,2.208
DE,Germany,2026-08-10,True,2.143,2.149,EUR,1.0,,2.143,2.149
DE,Germany,2026-08-17,True,2.239,2.266,EUR,1.0,,2.239,2.266
DE,Germany,2026-08-24,True,2.245,2.286,EUR,1.0,,2.245,2.286
DE,Germany,2026-08-31,True,2.236,2.232,EUR,1.0,,2.236,2.232
DE,Germany,2026-09-07,True,2.331,2.328,EUR,1.0,,2.331,2.328
DE,Germany,2026-09-14,True,2.357,2.426,EUR,1.0,,2.357,2.426
DE,Germany,2026-09-21,True,2.348,2.457,EUR,1.0,,2.348,2.457
DE,Germany,2026-09-28,True,2.345,2.437,EUR,1.0,,2.345,2.437
DK,Denmark,2026-07-27,True,2.486,2.29,DKK,7.4752,2026-07-27,18.58,17.12
DK,Denmark,2026-08-03,True,2.459,2.264,DKK,7.4749,2026-08-03,18.38,16.92
DK,Denmark,2026-08-10,True,2.325,2.143,DKK,7.4758,2026-08-10,17.38,16.02
DK,Denmark,2026-08-17,True,2.445,2.25,DKK,7.4758,2026-08-17,18.28,16.82
DK,Denmark,2026-08-24,True,2.459,2.277,DKK,7.4757,2026-08-24,18.38,17.02
DK,Denmark,2026-08-31,True,2.524,2.274,DKK,7.4751,2026-08-31,18.87,17.0
DK,Denmark,2026-09-07,True,2.632,2.435,DKK,7.4746,2026-09-07,19.67,18.2
DK,Denmark,2026-09-14,True,2.564,2.502,DKK,7.4753,2026-09-14,19.17,18.7
DK,Denmark,2026-09-21,True,2.618,2.555,DKK,7.4755,2026-09-21,19.57,19.1
DK,Denmark,2026-09-28,True,2.658,2.542,DKK,7.4752,2026-09-28,19.87,19.0
EE,Estonia,2026-07-27,True,1.812,1.877,EUR,1.0,,1.812,1.877
EE,Estonia,2026-08-03,True,1.816,1.916,EUR,1.0,,1.816,1.916
EE,Estonia,2026-08-10,True,1.717,1.825,EUR,1.0,,1.717,1.825
EE,Estonia,2026-08-17,True,1.772,1.88,EUR,1.0,,1.772,1.88
EE,Estonia,2026-08-24,True,1.772,1.88,EUR,1.0,,1.772,1.88
EE,Estonia,2026-08-31,True,1.812,1.922,EUR,1.0,,1.812,1.922
EE,Estonia,2026-09-07,True,1.812,1.922,EUR,1.0,,1.812,1.922
EE,Estonia,2026-09-14,True,1.914,2.065,EUR,1.0,,1.914,2.065
EE,Estonia,2026-09-21,True,1.917,2.113,EUR,1.0,,1.917,2.113
EE,Estonia,2026-09-28,True,1.928,2.239,EUR,1.0,,1.928,2.239
ES,Spain,2026-07-27,True,1.645,1.722,EUR,1.0,,1.645,1.722
ES,Spain,2026-08-03,True,1.687,1.794,EUR,1.0,,1.687,1.794
ES,Spain,2026-08-10,True,1.703,1.822,EUR,1.0,,1.703,1.822
ES,Spain,2026-08-17,True,1.705,1.829,EUR,1.0,,1.705,1.829
ES,Spain,2026-08-24,True,1.724,1.861,EUR,1.0,,1.724,1.861
ES,Spain,2026-08-31,True,1.732,1.865,EUR,1.0,,1.732,1.865
ES,Spain,2026-09-07,True,1.816,1.795,EUR,1.0,,1.816,1.795
ES,Spain,2026-09-14,True,1.867,1.834,EUR,1.0,,1.867,1.834
ES,Spain,2026-09-21,True,1.928,1.918,EUR,1.0,,1.928,1.918
ES,Spain,2026-09-28,True,1.94,1.934,EUR,1.0,,1.94,1.934
FI,Finland,2026-07-27,True,2.178,2.27,EUR,1.0,,2.178,2.27
FI,Finland,2026-08-03,True,2.196,2.337,EUR,1.0,,2.196,2.337
FI,Finland,2026-08-10,True,2.165,2.334,EUR,1.0,,2.165,2.334
FI,Finland,2026-08-17,True,2.14,2.318,EUR,1.0,,2.14,2.318
FI,Finland,2026-08-24,True,2.177,2.346,EUR,1.0,,2.177,2.346
FI,Finland,2026-08-31,True,2.203,2.334,EUR,1.0,,2.203,2.334
FI,Finland,2026-09-07,True,2.323,2.478,EUR,1.0,,2.323,2.478
FI,Finland,2026-09-14,True,2.317,2.505,EUR,1.0,,2.317,2.505
FI,Finland,2026-09-21,True,2.364,2.555,EUR,1.0,,2.364,2.555
FI,Finland,2026-09-28,True,2.331,2.523,EUR,1.0,,2.331,2.523
FR,France,2026-07-27,True,2.057,2.168,EUR,1.0,,2.057,2.168
FR,France,2026-08-03,True,2.066,2.216,EUR,1.0,,2.066,2.216
FR,France,2026-08-10,True,2.014,2.169,EUR,1.0,,2.014,2.169
FR,France,2026-08-17,True,2.038,2.199,EUR,1.0,,2.038,2.199
FR,France,2026-08-24,True,2.063,2.231,EUR,1.0,,2.063,2.231
FR,France,2026-08-31,True,2.073,2.209,EUR,1.0,,2.073,2.209
FR,France,2026-09-07,True,2.115,2.257,EUR,1.0,,2.115,2.257
FR,France,2026-09-14,True,2.172,2.291,EUR,1.0,,2.172,2.291
FR,France,2026-09-21,True,2.219,2.383,EUR,1.0,,2.219,2.383
FR,France,2026-09-28,True,2.213,2.371,EUR,1.0,,2.213,2.371
GR,Greece,2026-07-27,True,2.017,2.041,EUR,1.0,,2.017,2.041
GR,Greece,2026-08-03,True,2.02,2.064,EUR,1.0,,2.02,2.064
GR,Greece,2026-08-10,True,1.98,1.986,EUR,1.0,,1.98,1.986
GR,Greece,2026-08-17,True,2.002,1.996,EUR,1.0,,2.002,1.996
GR,Greece,2026-08-24,True,2.028,2.04,EUR,1.0,,2.028,2.04
GR,Greece,2026-08-31,True,2.046,2.023,EUR,1.0,,2.046,2.023
GR,Greece,2026-09-07,True,2.093,2.054,EUR,1.0,,2.093,2.054
GR,Greece,2026-09-14,True,2.158,2.122,EUR,1.0,,2.158,2.122
GR,Greece,2026-09-21,True,2.197,2.224,EUR,1.0,,2.197,2.224
GR,Greece,2026-09-28,True,2.205,2.216,EUR,1.0,,2.205,2.216
HR,Croatia,2026-07-27,True,1.616,1.771,EUR,1.0,,1.616,1.771
HR,Croatia,2026-08-03,True,1.691,1.889,EUR,1.0,,1.691,1.889
HR,Croatia,2026-08-10,True,1.685,1.903,EUR,1.0,,1.685,1.903
HR,Croatia,2026-08-17,True,1.623,1.835,EUR,1.0,,1.623,1.835
HR,Croatia,2026-08-24,True,1.693,1.932,EUR,1.0,,1.693,1.932
HR,Croatia,2026-08-31,True,1.723,1.989,EUR,1.0,,1.723,1.989
HR,Croatia,2026-09-07,True,1.731,1.908,EUR,1.0,,1.731,1.908
HR,Croatia,2026-09-14,True,1.736,1.92,EUR,1.0,,1.736,1.92
HR,Croatia,2026-09-21,True,1.796,1.975,EUR,1.0,,1.796,1.975
HR,Croatia,2026-09-28,True,1.808,2.036,EUR,1.0,,1.808,2.036
HU,Hungary,2026-07-27,True,1.658,1.721,HUF,359.78,2026-07-27,596.481,619.053
HU,Hungary,2026-08-03,True,1.647,1.824,HUF,363.98,2026-08-03,599.617,664.046
HU,Hungary,2026-08-10,True,1.582,1.812,HUF,363.65,2026-08-10,575.167,658.958
HU,Hungary,2026-08-17,True,1.615,1.86,HUF,361.93,2026-08-17,584.538,673.128
HU,Hungary,2026-08-24,True,1.634,1.879,HUF,362.55,2026-08-24,592.529,681.21
HU,Hungary,2026-08-31,True,1.638,1.859,HUF,364.35,2026-08-31,596.967,677.154
HU,Hungary,2026-09-07,True,1.696,1.918,HUF,363.2,2026-09-07,616.052,696.607
HU,Hungary,2026-09-14,True,1.714,1.919,HUF,365.33,2026-09-14,626.148,701.053
HU,Hungary,2026-09-21,True,1.752,1.957,HUF,362.4,2026-09-21,634.879,709.141
HU,Hungary,2026-09-28,True,1.729,1.932,HUF,367.1,2026-09-28,634.822,709.332
IE,Ireland,2026-07-27,True,1.758,1.752,EUR,1.0,,1.758,1.752
IE,Ireland,2026-08-03,True,1.817,1.846,EUR,1.0,,1.817,1.846
IE,Ireland,2026-08-10,True,1.837,1.901,EUR,1.0,,1.837,1.901
IE,Ireland,2026-08-17,True,1.839,1.901,EUR,1.0,,1.839,1.901
IE,Ireland,2026-08-24,True,1.836,1.906,EUR,1.0,,1.836,1.906
IE,Ireland,2026-08-31,True,1.837,1.931,EUR,1.0,,1.837,1.931
IE,Ireland,2026-09-07,True,1.855,1.954,EUR,1.0,,1.855,1.954
IE,Ireland,2026-09-14,True,1.894,1.989,EUR,1.0,,1.894,1.989
IE,Ireland,2026-09-21,True,1.945,2.05,EUR,1.0,,1.945,2.05
IE,Ireland,2026-09-28,True,1.972,2.123,EUR,1.0,,1.972,2.123
IT,Italy,2026-07-27,True,1.961,2.141,EUR,1.0,,1.961,2.141
IT,Italy,2026-08-03,True,1.992,2.09,EUR,1.0,,1.992,2.09
IT,Italy,2026-08-10,True,1.993,2.081,EUR,1.0,,1.993,2.081
IT,Italy,2026-08-17,True,1.988,2.079,EUR,1.0,,1.988,2.079
IT,Italy,2026-08-24,True,2.003,2.115,EUR,1.0,,2.003,2.115
IT,Italy,2026-08-31,True,2.017,2.123,EUR,1.0,,2.017,2.123
IT,Italy,2026-09-07,True,2.035,2.142,EUR,1.0,,2.035,2.142
IT,Italy,2026-09-14,True,2.084,2.191,EUR,1.0,,2.084,2.191
IT,Italy,2026-09-21,True,2.141,2.281,EUR,1.0,,2.141,2.281
IT,Italy,2026-09-28,True,2.156,2.351,EUR,1.0,,2.156,2.351
LT,Lithuania,2026-07-27,True,1.793,1.995,EUR,1.0,,1.793,1.995
LT,Lithuania,2026-08-03,True,1.8,2.035,EUR,1.0,,1.8,2.035
LT,Lithuania,2026-08-10,True,1.756,1.996,EUR,1.0,,1.756,1.996
LT,Lithuania,2026-08-17,True,1.77,2.031,EUR,1.0,,1.77,2.031
LT,Lithuania,2026-08-24,True,1.778,2.052,EUR,1.0,,1.778,2.052
LT,Lithuania,2026-08-31,True,1.79,2.043,EUR,1.0,,1.79,2.043
LT,Lithuania,2026-09-07,True,1.884,2.128,EUR,1.0,,1.884,2.128
LT,Lithuania,2026-09-14,True,1.918,2.184,EUR,1.0,,1.918,2.184
LT,Lithuania,2026-09-21,True,1.95,2.258,EUR,1.0,,1.95,2.258
LT,Lithuania,2026-09-28,True,1.954,2.253,EUR,1.0,,1.954,2.253
LU,Luxembourg,2026-07-27,True,1.764,1.889,EUR,1.0,,1.764,1.889
LU,Luxembourg,2026-08-03,True,1.761,1.966,EUR,1.0,,1.761,1.966
LU,Luxembourg,2026-08-10,True,1.619,1.798,EUR,1.0,,1.619,1.798
LU,Luxembourg,2026-08-17,True,1.727,1.922,EUR,1.0,,1.727,1.922
LU,Luxembourg,2026-08-24,True,1.727,1.963,EUR,1.0,,1.727,1.963
LU,Luxembourg,2026-08-31,True,1.748,1.865,EUR,1.0,,1.748,1.865
LU,Luxembourg,2026-09-07,True,1.868,2.024,EUR,1.0,,1.868,2.024
LU,Luxembourg,2026-09-14,True,1.793,2.123,EUR,1.0,,1.793,2.123
LU,Luxembourg,2026-09-21,True,1.849,2.114,EUR,1.0,,1.849,2.114
LU,Luxembourg,2026-09-28,True,1.888,2.095,EUR,1.0,,1.888,2.095
LV,Latvia,2026-07-27,True,1.885,1.936,EUR,1.0,,1.885,1.936
LV,Latvia,2026-08-03,True,1.874,1.94,EUR,1.0,,1.874,1.94
LV,Latvia,2026-08-10,True,1.802,1.898,EUR,1.0,,1.802,1.898
LV,Latvia,2026-08-17,True,1.817,1.914,EUR,1.0,,1.817,1.914
LV,Latvia,2026-08-24,True,1.844,1.972,EUR,1.0,,1.844,1.972
LV,Latvia,2026-08-31,True,1.841,1.952,EUR,1.0,,1.841,1.952
LV,Latvia,2026-09-07,True,1.939,2.048,EUR,1.0,,1.939,2.048
LV,Latvia,2026-09-14,True,1.976,2.096,EUR,1.0,,1.976,2.096
LV,Latvia,2026-09-21,True,1.997,2.169,EUR,1.0,,1.997,2.169
LV,Latvia,2026-09-28,True,2.038,2.133,EUR,1.0,,2.038,2.133
MT,Malta,2026-07-27,True,1.34,1.21,EUR,1.0,,1.34,1.21
MT,Malta,2026-08-03,True,1.34,1.21,EUR,1.0,,1.34,1.21
MT,Malta,2026-08-10,True,1.34,1.21,EUR,1.0,,1.34,1.21
MT,Malta,2026-08-17,True,1.34,1.21,EUR,1.0,,1.34,1.21
MT,Malta,2026-08-24,True,1.34,1.21,EUR,1.0,,1.34,1.21
MT,Malta,2026-08-31,True,1.34,1.21,EUR,1.0,,1.34,1.21
MT,Malta,2026-09-07,True,1.34,1.21,EUR,1.0,,1.34,1.21
MT,Malta,2026-09-14,True,1.34,1.21,EUR,1.0,,1.34,1.21
MT,Malta,2026-09-21,True,1.34,1.21,EUR,1.0,,1.34,1.21
MT,Malta,2026-09-28,True,1.34,1.21,EUR,1.0,,1.34,1.21
NL,Netherlands,2026-07-27,True,2.385,2.393,EUR,1.0,,2.385,2.393
NL,Netherlands,2026-08-03,True,2.37,2.414,EUR,1.0,,2.37,2.414
NL,Netherlands,2026-08-10,True,2.29,2.323,EUR,1.0,,2.29,2.323
NL,Netherlands,2026-08-17,True,2.329,2.383,EUR,1.0,,2.329,2.383
NL,Netherlands,2026-08-24,True,2.353,2.415,EUR,1.0,,2.353,2.415
NL,Netherlands,2026-08-31,True,2.35,2.326,EUR,1.0,,2.35,2.326
NL,Netherlands,2026-09-07,True,2.466,2.442,EUR,1.0,,2.466,2.442
NL,Netherlands,2026-09-14,True,2.434,2.494,EUR,1.0,,2.434,2.494
NL,Netherlands,2026-09-21,True,2.449,2.579,EUR,1.0,,2.449,2.579
NL,Netherlands,2026-09-28,True,2.465,2.526,EUR,1.0,,2.465,2.526
PL,Poland,2026-07-27,True,1.719,1.818,PLN,4.322,2026-07-27,7.43,7.856
PL,Poland,2026-08-03,True,1.756,1.879,PLN,4.3033,2026-08-03,7.556,8.085
PL,Poland,2026-08-10,True,1.696,1.864,PLN,4.2993,2026-08-10,7.292,8.013
PL,Poland,2026-08-17,True,1.481,1.686,PLN,4.3063,2026-08-17,6.377,7.258
PL,Poland,2026-08-24,True,1.508,1.728,PLN,4.3078,2026-08-24,6.495,7.445
PL,Poland,2026-08-31,True,1.525,1.669,PLN,4.328,2026-08-31,6.599,7.225
PL,Poland,2026-09-07,True,1.812,1.982,PLN,4.3103,2026-09-07,7.809,8.543
PL,Poland,2026-09-14,True,1.822,2.005,PLN,4.3418,2026-09-14,7.91,8.706
PL,Poland,2026-09-21,True,1.82,2.039,PLN,4.353,2026-09-21,7.922,8.876
PL,Poland,2026-09-28,True,1.853,2.06,PLN,4.373,2026-09-28,8.102,9.01
PT,Portugal,2026-07-27,True,1.99,2.026,EUR,1.0,,1.99,2.026
PT,Portugal,2026-08-03,True,1.982,2.049,EUR,1.0,,1.982,2.049
PT,Portugal,2026-08-10,True,1.896,1.975,EUR,1.0,,1.896,1.975
PT,Portugal,2026-08-17,True,1.954,2.026,EUR,1.0,,1.954,2.026
PT,Portugal,2026-08-24,True,1.986,2.066,EUR,1.0,,1.986,2.066
PT,Portugal,2026-08-31,True,2.013,2.029,EUR,1.0,,2.013,2.029
PT,Portugal,2026-09-07,True,2.093,2.104,EUR,1.0,,2.093,2.104
PT,Portugal,2026-09-14,True,2.072,2.152,EUR,1.0,,2.072,2.152
PT,Portugal,2026-09-21,True,2.107,2.21,EUR,1.0,,2.107,2.21
PT,Portugal,2026-09-28,True,2.099,2.186,EUR,1.0,,2.099,2.186
RO,Romania,2026-07-27,True,1.733,1.9,RON,5.232,2026-07-27,9.067,9.939
RO,Romania,2026-08-03,True,1.803,2.028,RON,5.2455,2026-08-03,9.456,10.636
RO,Romania,2026-08-10,True,1.791,2.013,RON,5.2433,2026-08-10,9.392,10.554
RO,Romania,2026-08-17,True,1.816,2.03,RON,5.2395,2026-08-17,9.517,10.634
RO,Romania,2026-08-24,True,1.816,1.94,RON,5.2504,2026-08-24,9.535,10.185
RO,Romania,2026-08-31,True,1.813,1.938,RON,5.2592,2026-08-31,9.533,10.192
RO,Romania,2026-09-07,True,1.851,1.942,RON,5.2519,2026-09-07,9.723,10.197
RO,Romania,2026-09-14,True,1.889,2.0,RON,5.2568,2026-09-14,9.929,10.512
RO,Romania,2026-09-21,True,1.891,2.093,RON,5.2647,2026-09-21,9.955,11.017
RO,Romania,2026-09-28,True,1.897,2.104,RON,5.2785,2026-09-28,10.015,11.107
SE,Sweden,2026-07-27,True,1.455,1.825,SEK,11.0445,2026-07-27,16.065,20.152
SE,Sweden,2026-08-03,True,1.453,1.825,SEK,10.9845,2026-08-03,15.955,20.045
SE,Sweden,2026-08-10,True,1.308,1.68,SEK,10.9655,2026-08-10,14.339,18.424
SE,Sweden,2026-08-17,True,1.408,1.78,SEK,11.001,2026-08-17,15.492,19.58
SE,Sweden,2026-08-24,True,1.435,1.817,SEK,11.0805,2026-08-24,15.903,20.138
SE,Sweden,2026-08-31,True,1.471,1.73,SEK,11.11,2026-08-31,16.343,19.224
SE,Sweden,2026-09-07,True,1.588,1.904,SEK,11.162,2026-09-07,17.721,21.253
SE,Sweden,2026-09-14,True,1.514,1.981,SEK,11.281,2026-09-14,17.076,22.347
SE,Sweden,2026-09-21,True,1.579,2.09,SEK,11.275,2026-09-21,17.806,23.567
SE,Sweden,2026-09-28,True,1.595,2.135,SEK,11.3205,2026-09-28,18.054,24.172
SI,Slovenia,2026-07-27,True,1.626,1.788,EUR,1.0,,1.626,1.788
SI,Slovenia,2026-08-03,True,1.649,1.865,EUR,1.0,,1.649,1.865
SI,Slovenia,2026-08-10,True,1.619,1.878,EUR,1.0,,1.619,1.878
SI,Slovenia,2026-08-17,True,1.578,1.845,EUR,1.0,,1.578,1.845
SI,Slovenia,2026-08-24,True,1.562,1.813,EUR,1.0,,1.562,1.813
SI,Slovenia,2026-08-31,True,1.615,1.9,EUR,1.0,,1.615,1.9
SI,Slovenia,2026-09-07,True,1.633,1.88,EUR,1.0,,1.633,1.88
SI,Slovenia,2026-09-14,True,1.641,1.854,EUR,1.0,,1.641,1.854
SI,Slovenia,2026-09-21,True,1.706,1.975,EUR,1.0,,1.706,1.975
SI,Slovenia,2026-09-28,True,1.745,2.011,EUR,1.0,,1.745,2.011
SK,Slovakia,2026-07-27,True,1.765,1.737,EUR,1.0,,1.765,1.737
SK,Slovakia,2026-08-03,True,1.761,1.809,EUR,1.0,,1.761,1.809
SK,Slovakia,2026-08-10,True,1.701,1.833,EUR,1.0,,1.701,1.833
SK,Slovakia,2026-08-17,True,1.696,1.832,EUR,1.0,,1.696,1.832
SK,Slovakia,2026-08-24,True,1.724,1.862,EUR,1.0,,1.724,1.862
SK,Slovakia,2026-08-31,True,1.753,1.883,EUR,1.0,,1.753,1.883
SK,Slovakia,2026-09-07,True,1.774,1.908,EUR,1.0,,1.774,1.908
SK,Slovakia,2026-09-14,True,1.808,1.924,EUR,1.0,,1.808,1.924
SK,Slovakia,2026-09-21,True,1.853,1.95,EUR,1.0,,1.853,1.95
SK,Slovakia,2026-09-28,True,1.853,1.978,EUR,1.0,,1.853,1.978
# SAMPLE of 270 of 29390 rows; full file: https://www.fuel-prices.eu/research/data/d1-eu-weekly-bulletin/fp-d1-eu-weekly-panel.zip
# Source: fuel-prices.eu (https://www.fuel-prices.eu/research/)
# Underlying data: EU Weekly Oil Bulletin, European Commission (CC BY 4.0); compiled by fuel-prices.eu. Values checked cell by cell against the Commission history file at build time.
# Prices per litre, all taxes included. eur_rate = units of national currency per 1 EUR: fixed parity from the date the irrevocable conversion rate was fixed (HRK 7.53450 from 12 July 2022, BGN 1.95583 from 8 July 2025, and likewise for the earlier euro changeovers), otherwise the ECB euro reference rate of the bulletin date (or the last fixing before it). Local prices = the Commission EUR price before rounding (EUR per 1000 L / 1000) x eur_rate, rounded half-up to 3 decimals only at the end (since version 2026-09.6).
# United Kingdom 2005-2020: taken directly from the Commission file; in_eu = false from 1 February 2020 (the Commission kept publishing UK prices during the transition period, to 21 December 2020).
# Weeks for which the Commission file has no price for a country are not in the file (no row); an empty cell = no price for that fuel that week (never zero). Version 2026-10.1, built 2026-10-02T11:00Z.
