date,country_code,country_name,fuel,fuel_family,fuel_label,basis,n,n_excluded,share_changed_7d,mean_eur,median_eur,p10_eur,p90_eur,currency,mean_local,median_local,p10_local,p90_local,eur_rate,eur_rate_date,eur_rate_source,flag,source,source_terms
2026-10-06,AT,Austria,diesel,diesel,Diesel,stations,1177,0,0.992,2.0953,2.089,2.055,2.139,EUR,2.0953,2.089,2.055,2.139,1.0,,EUR (no conversion),low_coverage,E-Control Spritpreisrechner,"No licence published by the source; aggregates computed by fuel-prices.eu (mean, median, p10, p90, number of stations); no station-level prices republished"
2026-10-07,AT,Austria,diesel,diesel,Diesel,stations,1317,0,0.994,2.0969,2.094,2.0546,2.139,EUR,2.0969,2.094,2.0546,2.139,1.0,,EUR (no conversion),,E-Control Spritpreisrechner,"No licence published by the source; aggregates computed by fuel-prices.eu (mean, median, p10, p90, number of stations); no station-level prices republished"
2026-10-08,AT,Austria,diesel,diesel,Diesel,stations,1296,0,0.995,2.0824,2.079,2.0435,2.119,EUR,2.0824,2.079,2.0435,2.119,1.0,,EUR (no conversion),,E-Control Spritpreisrechner,"No licence published by the source; aggregates computed by fuel-prices.eu (mean, median, p10, p90, number of stations); no station-level prices republished"
2026-10-06,AT,Austria,sp95,petrol,Super 95 (E10),stations,1154,0,0.995,1.8244,1.824,1.772,1.869,EUR,1.8244,1.824,1.772,1.869,1.0,,EUR (no conversion),low_coverage,E-Control Spritpreisrechner,"No licence published by the source; aggregates computed by fuel-prices.eu (mean, median, p10, p90, number of stations); no station-level prices republished"
2026-10-07,AT,Austria,sp95,petrol,Super 95 (E10),stations,1238,0,0.996,1.8297,1.829,1.779,1.869,EUR,1.8297,1.829,1.779,1.869,1.0,,EUR (no conversion),,E-Control Spritpreisrechner,"No licence published by the source; aggregates computed by fuel-prices.eu (mean, median, p10, p90, number of stations); no station-level prices republished"
2026-10-08,AT,Austria,sp95,petrol,Super 95 (E10),stations,1216,0,0.998,1.8273,1.824,1.777,1.874,EUR,1.8273,1.824,1.777,1.874,1.0,,EUR (no conversion),,E-Control Spritpreisrechner,"No licence published by the source; aggregates computed by fuel-prices.eu (mean, median, p10, p90, number of stations); no station-level prices republished"
2026-10-06,DK,Denmark,diesel,diesel,Diesel,stations,2092,0,1.0,2.4923,2.487,2.487,2.501,DKK,18.6291,18.5896,18.5896,18.6942,7.4747,2026-10-06,ECB euro foreign exchange reference rate,,Per-station price APIs of the fuel brands (BEK 1351/2025 §16a),"No licence published by the source; aggregates computed by fuel-prices.eu (mean, median, p10, p90, number of stations); no station-level prices republished"
2026-10-07,DK,Denmark,diesel,diesel,Diesel,stations,2092,0,1.0,2.4665,2.46,2.46,2.474,DKK,18.4355,18.3873,18.3873,18.4919,7.4745,2026-10-07,ECB euro foreign exchange reference rate,,Per-station price APIs of the fuel brands (BEK 1351/2025 §16a),"No licence published by the source; aggregates computed by fuel-prices.eu (mean, median, p10, p90, number of stations); no station-level prices republished"
2026-10-08,DK,Denmark,diesel,diesel,Diesel,stations,2092,0,1.0,2.4254,2.42,2.42,2.434,DKK,18.1275,18.0868,18.0868,18.1915,7.4739,2026-10-08,ECB euro foreign exchange reference rate,,Per-station price APIs of the fuel brands (BEK 1351/2025 §16a),"No licence published by the source; aggregates computed by fuel-prices.eu (mean, median, p10, p90, number of stations); no station-level prices republished"
2026-10-06,DK,Denmark,sp95,petrol,Petrol 95 (E10),stations,2076,0,1.0,2.3786,2.367,2.367,2.38,DKK,17.7793,17.6926,17.6926,17.7898,7.4747,2026-10-06,ECB euro foreign exchange reference rate,,Per-station price APIs of the fuel brands (BEK 1351/2025 §16a),"No licence published by the source; aggregates computed by fuel-prices.eu (mean, median, p10, p90, number of stations); no station-level prices republished"
2026-10-07,DK,Denmark,sp95,petrol,Petrol 95 (E10),stations,2076,0,1.0,2.3911,2.38,2.38,2.393,DKK,17.8722,17.7893,17.7893,17.8865,7.4745,2026-10-07,ECB euro foreign exchange reference rate,,Per-station price APIs of the fuel brands (BEK 1351/2025 §16a),"No licence published by the source; aggregates computed by fuel-prices.eu (mean, median, p10, p90, number of stations); no station-level prices republished"
2026-10-08,DK,Denmark,sp95,petrol,Petrol 95 (E10),stations,2076,0,1.0,2.3787,2.367,2.367,2.38,DKK,17.778,17.6907,17.6907,17.7879,7.4739,2026-10-08,ECB euro foreign exchange reference rate,,Per-station price APIs of the fuel brands (BEK 1351/2025 §16a),"No licence published by the source; aggregates computed by fuel-prices.eu (mean, median, p10, p90, number of stations); no station-level prices republished"
2026-10-06,DK,Denmark,sp98,petrol,Petrol 98/100 (premium),stations,1101,0,1.0,2.6932,2.701,2.661,2.701,DKK,20.1307,20.1892,19.8902,20.1892,7.4747,2026-10-06,ECB euro foreign exchange reference rate,,Per-station price APIs of the fuel brands (BEK 1351/2025 §16a),"No licence published by the source; aggregates computed by fuel-prices.eu (mean, median, p10, p90, number of stations); no station-level prices republished"
2026-10-07,DK,Denmark,sp98,petrol,Petrol 98/100 (premium),stations,1101,0,1.0,2.7053,2.714,2.674,2.714,DKK,20.221,20.2858,19.9868,20.2858,7.4745,2026-10-07,ECB euro foreign exchange reference rate,,Per-station price APIs of the fuel brands (BEK 1351/2025 §16a),"No licence published by the source; aggregates computed by fuel-prices.eu (mean, median, p10, p90, number of stations); no station-level prices republished"
2026-10-08,DK,Denmark,sp98,petrol,Petrol 98/100 (premium),stations,1101,0,0.999,2.6932,2.701,2.661,2.701,DKK,20.1286,20.187,19.888,20.187,7.4739,2026-10-08,ECB euro foreign exchange reference rate,,Per-station price APIs of the fuel brands (BEK 1351/2025 §16a),"No licence published by the source; aggregates computed by fuel-prices.eu (mean, median, p10, p90, number of stations); no station-level prices republished"
2026-10-06,ES,Spain,diesel,diesel,Diesel,stations,11297,0,0.864,1.9007,1.929,1.759,2.0022,EUR,1.9007,1.929,1.759,2.0022,1.0,,EUR (no conversion),,"Geoportal de Hidrocarburos, MITECO",Reuse conditions of Royal Decree 1495/2011 (credit the source and give the date of the last update)
2026-10-07,ES,Spain,diesel,diesel,Diesel,stations,11306,0,0.873,1.8936,1.925,1.749,1.999,EUR,1.8936,1.925,1.749,1.999,1.0,,EUR (no conversion),,"Geoportal de Hidrocarburos, MITECO",Reuse conditions of Royal Decree 1495/2011 (credit the source and give the date of the last update)
2026-10-08,ES,Spain,diesel,diesel,Diesel,stations,11322,0,0.875,1.8872,1.915,1.749,1.995,EUR,1.8872,1.915,1.749,1.995,1.0,,EUR (no conversion),,"Geoportal de Hidrocarburos, MITECO",Reuse conditions of Royal Decree 1495/2011 (credit the source and give the date of the last update)
2026-10-06,ES,Spain,gpl,lpg,LPG,stations,1000,0,0.493,1.0938,1.119,0.948,1.189,EUR,1.0938,1.119,0.948,1.189,1.0,,EUR (no conversion),,"Geoportal de Hidrocarburos, MITECO",Reuse conditions of Royal Decree 1495/2011 (credit the source and give the date of the last update)
2026-10-07,ES,Spain,gpl,lpg,LPG,stations,1001,0,0.548,1.0951,1.119,0.949,1.189,EUR,1.0951,1.119,0.949,1.189,1.0,,EUR (no conversion),,"Geoportal de Hidrocarburos, MITECO",Reuse conditions of Royal Decree 1495/2011 (credit the source and give the date of the last update)
2026-10-08,ES,Spain,gpl,lpg,LPG,stations,1000,0,0.338,1.095,1.119,0.949,1.189,EUR,1.095,1.119,0.949,1.189,1.0,,EUR (no conversion),,"Geoportal de Hidrocarburos, MITECO",Reuse conditions of Royal Decree 1495/2011 (credit the source and give the date of the last update)
2026-10-06,ES,Spain,sp95,petrol,Petrol 95,stations,10937,0,0.941,1.7956,1.815,1.669,1.895,EUR,1.7956,1.815,1.669,1.895,1.0,,EUR (no conversion),,"Geoportal de Hidrocarburos, MITECO",Reuse conditions of Royal Decree 1495/2011 (credit the source and give the date of the last update)
2026-10-07,ES,Spain,sp95,petrol,Petrol 95,stations,10945,0,0.944,1.7908,1.809,1.667,1.889,EUR,1.7908,1.809,1.667,1.889,1.0,,EUR (no conversion),,"Geoportal de Hidrocarburos, MITECO",Reuse conditions of Royal Decree 1495/2011 (credit the source and give the date of the last update)
2026-10-08,ES,Spain,sp95,petrol,Petrol 95,stations,10959,0,0.95,1.7869,1.808,1.659,1.882,EUR,1.7869,1.808,1.659,1.882,1.0,,EUR (no conversion),,"Geoportal de Hidrocarburos, MITECO",Reuse conditions of Royal Decree 1495/2011 (credit the source and give the date of the last update)
2026-10-06,ES,Spain,sp98,petrol,Petrol 98,stations,5509,0,0.92,1.947,1.968,1.828,2.039,EUR,1.947,1.968,1.828,2.039,1.0,,EUR (no conversion),,"Geoportal de Hidrocarburos, MITECO",Reuse conditions of Royal Decree 1495/2011 (credit the source and give the date of the last update)
2026-10-07,ES,Spain,sp98,petrol,Petrol 98,stations,5511,0,0.921,1.945,1.968,1.817,2.029,EUR,1.945,1.968,1.817,2.029,1.0,,EUR (no conversion),,"Geoportal de Hidrocarburos, MITECO",Reuse conditions of Royal Decree 1495/2011 (credit the source and give the date of the last update)
2026-10-08,ES,Spain,sp98,petrol,Petrol 98,stations,5512,0,0.924,1.9424,1.965,1.809,2.029,EUR,1.9424,1.965,1.809,2.029,1.0,,EUR (no conversion),,"Geoportal de Hidrocarburos, MITECO",Reuse conditions of Royal Decree 1495/2011 (credit the source and give the date of the last update)
2026-10-06,FR,France,diesel,diesel,Diesel,stations,8924,0,0.662,2.3743,2.3755,2.25,2.489,EUR,2.3743,2.3755,2.25,2.489,1.0,,EUR (no conversion),,prix-carburants.gouv.fr,Licence Ouverte 2.0 (Etalab)
2026-10-07,FR,France,diesel,diesel,Diesel,stations,9053,0,0.658,2.3661,2.368,2.25,2.479,EUR,2.3661,2.368,2.25,2.479,1.0,,EUR (no conversion),,prix-carburants.gouv.fr,Licence Ouverte 2.0 (Etalab)
2026-10-08,FR,France,diesel,diesel,Diesel,stations,9101,0,0.668,2.3579,2.359,2.25,2.464,EUR,2.3579,2.359,2.25,2.464,1.0,,EUR (no conversion),,prix-carburants.gouv.fr,Licence Ouverte 2.0 (Etalab)
2026-10-06,FR,France,e10,petrol,Petrol 95 (SP95-E10),stations,7008,0,0.664,2.1652,2.173,1.99,2.269,EUR,2.1652,2.173,1.99,2.269,1.0,,EUR (no conversion),,prix-carburants.gouv.fr,Licence Ouverte 2.0 (Etalab)
2026-10-07,FR,France,e10,petrol,Petrol 95 (SP95-E10),stations,7167,0,0.649,2.1604,2.169,1.99,2.269,EUR,2.1604,2.169,1.99,2.269,1.0,,EUR (no conversion),,prix-carburants.gouv.fr,Licence Ouverte 2.0 (Etalab)
2026-10-08,FR,France,e10,petrol,Petrol 95 (SP95-E10),stations,7197,0,0.639,2.1576,2.169,1.99,2.269,EUR,2.1576,2.169,1.99,2.269,1.0,,EUR (no conversion),,prix-carburants.gouv.fr,Licence Ouverte 2.0 (Etalab)
2026-10-06,FR,France,e85,ethanol_e85,E85 (superethanol),stations,3620,4,0.632,0.9029,0.875,0.855,0.999,EUR,0.9029,0.875,0.855,0.999,1.0,,EUR (no conversion),,prix-carburants.gouv.fr,Licence Ouverte 2.0 (Etalab)
2026-10-07,FR,France,e85,ethanol_e85,E85 (superethanol),stations,3622,5,0.536,0.9032,0.875,0.857,0.999,EUR,0.9032,0.875,0.857,0.999,1.0,,EUR (no conversion),,prix-carburants.gouv.fr,Licence Ouverte 2.0 (Etalab)
2026-10-08,FR,France,e85,ethanol_e85,E85 (superethanol),stations,3632,3,0.49,0.9036,0.877,0.857,0.999,EUR,0.9036,0.877,0.857,0.999,1.0,,EUR (no conversion),,prix-carburants.gouv.fr,Licence Ouverte 2.0 (Etalab)
2026-10-06,FR,France,gpl,lpg,LPG,stations,1507,2,0.222,1.0545,1.043,0.979,1.152,EUR,1.0545,1.043,0.979,1.152,1.0,,EUR (no conversion),,prix-carburants.gouv.fr,Licence Ouverte 2.0 (Etalab)
2026-10-07,FR,France,gpl,lpg,LPG,stations,1514,2,0.256,1.0547,1.049,0.979,1.152,EUR,1.0547,1.049,0.979,1.152,1.0,,EUR (no conversion),,prix-carburants.gouv.fr,Licence Ouverte 2.0 (Etalab)
2026-10-08,FR,France,gpl,lpg,LPG,stations,1513,2,0.269,1.0548,1.049,0.979,1.1516,EUR,1.0548,1.049,0.979,1.1516,1.0,,EUR (no conversion),,prix-carburants.gouv.fr,Licence Ouverte 2.0 (Etalab)
2026-10-06,FR,France,sp95,petrol,"Petrol 95 (SP95, E5)",stations,2733,0,0.574,2.2205,2.23,2.1282,2.299,EUR,2.2205,2.23,2.1282,2.299,1.0,,EUR (no conversion),,prix-carburants.gouv.fr,Licence Ouverte 2.0 (Etalab)
2026-10-07,FR,France,sp95,petrol,"Petrol 95 (SP95, E5)",stations,2756,0,0.557,2.2182,2.229,1.99,2.299,EUR,2.2182,2.229,1.99,2.299,1.0,,EUR (no conversion),,prix-carburants.gouv.fr,Licence Ouverte 2.0 (Etalab)
2026-10-08,FR,France,sp95,petrol,"Petrol 95 (SP95, E5)",stations,2758,0,0.542,2.2168,2.229,1.99,2.299,EUR,2.2168,2.229,1.99,2.299,1.0,,EUR (no conversion),,prix-carburants.gouv.fr,Licence Ouverte 2.0 (Etalab)
2026-10-06,FR,France,sp98,petrol,Petrol 98 (SP98),stations,7027,0,0.628,2.2705,2.283,1.99,2.389,EUR,2.2705,2.283,1.99,2.389,1.0,,EUR (no conversion),,prix-carburants.gouv.fr,Licence Ouverte 2.0 (Etalab)
2026-10-07,FR,France,sp98,petrol,Petrol 98 (SP98),stations,7055,0,0.623,2.2684,2.28,1.99,2.389,EUR,2.2684,2.28,1.99,2.389,1.0,,EUR (no conversion),,prix-carburants.gouv.fr,Licence Ouverte 2.0 (Etalab)
2026-10-08,FR,France,sp98,petrol,Petrol 98 (SP98),stations,7145,0,0.598,2.2632,2.279,1.99,2.387,EUR,2.2632,2.279,1.99,2.387,1.0,,EUR (no conversion),,prix-carburants.gouv.fr,Licence Ouverte 2.0 (Etalab)
2026-10-06,GB,United Kingdom,diesel,diesel,Diesel,stations,8027,0,1.0,2.3603,2.36,2.301,2.407,GBP,2.0035,2.0032,1.9531,2.0431,0.8488,2026-10-06,ECB euro foreign exchange reference rate,,UK Fuel Finder open data scheme (Department for Energy Security and Net Zero),Open Government Licence v3.0 (https://www.nationalarchives.gov.uk/doc/open-government-licence/version/3/); attribution: Contains public sector information licensed under the Open Government Licence v3.0
2026-10-07,GB,United Kingdom,diesel,diesel,Diesel,stations,8030,0,1.0,2.3551,2.355,2.296,2.402,GBP,1.9934,1.9934,1.9434,2.0332,0.84645,2026-10-07,ECB euro foreign exchange reference rate,,UK Fuel Finder open data scheme (Department for Energy Security and Net Zero),Open Government Licence v3.0 (https://www.nationalarchives.gov.uk/doc/open-government-licence/version/3/); attribution: Contains public sector information licensed under the Open Government Licence v3.0
2026-10-08,GB,United Kingdom,diesel,diesel,Diesel,stations,8037,0,1.0,2.3605,2.362,2.303,2.409,GBP,1.9993,2.0006,1.9506,2.0404,0.84698,2026-10-08,ECB euro foreign exchange reference rate,,UK Fuel Finder open data scheme (Department for Energy Security and Net Zero),Open Government Licence v3.0 (https://www.nationalarchives.gov.uk/doc/open-government-licence/version/3/); attribution: Contains public sector information licensed under the Open Government Licence v3.0
2026-10-06,GB,United Kingdom,diesel_premium,diesel,Premium diesel,stations,4167,1,1.0,2.5786,2.596,2.478,2.655,GBP,2.1887,2.2035,2.1033,2.2536,0.8488,2026-10-06,ECB euro foreign exchange reference rate,,UK Fuel Finder open data scheme (Department for Energy Security and Net Zero),Open Government Licence v3.0 (https://www.nationalarchives.gov.uk/doc/open-government-licence/version/3/); attribution: Contains public sector information licensed under the Open Government Licence v3.0
2026-10-07,GB,United Kingdom,diesel_premium,diesel,Premium diesel,stations,4168,1,1.0,2.5737,2.591,2.473,2.65,GBP,2.1785,2.1932,2.0933,2.2431,0.84645,2026-10-07,ECB euro foreign exchange reference rate,,UK Fuel Finder open data scheme (Department for Energy Security and Net Zero),Open Government Licence v3.0 (https://www.nationalarchives.gov.uk/doc/open-government-licence/version/3/); attribution: Contains public sector information licensed under the Open Government Licence v3.0
2026-10-08,GB,United Kingdom,diesel_premium,diesel,Premium diesel,stations,4171,1,1.0,2.5798,2.598,2.48,2.657,GBP,2.185,2.2005,2.1005,2.2504,0.84698,2026-10-08,ECB euro foreign exchange reference rate,,UK Fuel Finder open data scheme (Department for Energy Security and Net Zero),Open Government Licence v3.0 (https://www.nationalarchives.gov.uk/doc/open-government-licence/version/3/); attribution: Contains public sector information licensed under the Open Government Licence v3.0
2026-10-06,GB,United Kingdom,e10,petrol,Unleaded (E10),stations,7914,0,1.0,2.0629,2.064,2.005,2.112,GBP,1.751,1.7519,1.7018,1.7927,0.8488,2026-10-06,ECB euro foreign exchange reference rate,,UK Fuel Finder open data scheme (Department for Energy Security and Net Zero),Open Government Licence v3.0 (https://www.nationalarchives.gov.uk/doc/open-government-licence/version/3/); attribution: Contains public sector information licensed under the Open Government Licence v3.0
2026-10-07,GB,United Kingdom,e10,petrol,Unleaded (E10),stations,7917,0,1.0,2.059,2.061,2.002,2.108,GBP,1.7428,1.7445,1.6946,1.7843,0.84645,2026-10-07,ECB euro foreign exchange reference rate,,UK Fuel Finder open data scheme (Department for Energy Security and Net Zero),Open Government Licence v3.0 (https://www.nationalarchives.gov.uk/doc/open-government-licence/version/3/); attribution: Contains public sector information licensed under the Open Government Licence v3.0
2026-10-08,GB,United Kingdom,e10,petrol,Unleaded (E10),stations,7920,0,1.0,2.0641,2.066,2.007,2.114,GBP,1.7482,1.7499,1.6999,1.7905,0.84698,2026-10-08,ECB euro foreign exchange reference rate,,UK Fuel Finder open data scheme (Department for Energy Security and Net Zero),Open Government Licence v3.0 (https://www.nationalarchives.gov.uk/doc/open-government-licence/version/3/); attribution: Contains public sector information licensed under the Open Government Licence v3.0
2026-10-06,GB,United Kingdom,e5,petrol,Super unleaded (E5),stations,6255,0,1.0,2.2686,2.277,2.147,2.36,GBP,1.9255,1.9327,1.8224,2.0032,0.8488,2026-10-06,ECB euro foreign exchange reference rate,,UK Fuel Finder open data scheme (Department for Energy Security and Net Zero),Open Government Licence v3.0 (https://www.nationalarchives.gov.uk/doc/open-government-licence/version/3/); attribution: Contains public sector information licensed under the Open Government Licence v3.0
2026-10-07,GB,United Kingdom,e5,petrol,Super unleaded (E5),stations,6257,0,1.0,2.264,2.273,2.143,2.355,GBP,1.9163,1.924,1.8139,1.9934,0.84645,2026-10-07,ECB euro foreign exchange reference rate,,UK Fuel Finder open data scheme (Department for Energy Security and Net Zero),Open Government Licence v3.0 (https://www.nationalarchives.gov.uk/doc/open-government-licence/version/3/); attribution: Contains public sector information licensed under the Open Government Licence v3.0
2026-10-08,GB,United Kingdom,e5,petrol,Super unleaded (E5),stations,6260,0,1.0,2.27,2.279,2.149,2.362,GBP,1.9226,1.9303,1.8202,2.0006,0.84698,2026-10-08,ECB euro foreign exchange reference rate,,UK Fuel Finder open data scheme (Department for Energy Security and Net Zero),Open Government Licence v3.0 (https://www.nationalarchives.gov.uk/doc/open-government-licence/version/3/); attribution: Contains public sector information licensed under the Open Government Licence v3.0
2026-10-06,GB,United Kingdom,hvo,diesel,HVO diesel,stations,54,1,1.0,2.6209,2.714,2.1115,2.855,GBP,2.2246,2.3036,1.7922,2.4233,0.8488,2026-10-06,ECB euro foreign exchange reference rate,,UK Fuel Finder open data scheme (Department for Energy Security and Net Zero),Open Government Licence v3.0 (https://www.nationalarchives.gov.uk/doc/open-government-licence/version/3/); attribution: Contains public sector information licensed under the Open Government Licence v3.0
2026-10-07,GB,United Kingdom,hvo,diesel,HVO diesel,stations,55,1,1.0,2.6475,2.709,2.1432,2.9844,GBP,2.241,2.293,1.8141,2.5261,0.84645,2026-10-07,ECB euro foreign exchange reference rate,,UK Fuel Finder open data scheme (Department for Energy Security and Net Zero),Open Government Licence v3.0 (https://www.nationalarchives.gov.uk/doc/open-government-licence/version/3/); attribution: Contains public sector information licensed under the Open Government Licence v3.0
2026-10-08,GB,United Kingdom,hvo,diesel,HVO diesel,stations,55,1,1.0,2.6531,2.716,2.149,2.9828,GBP,2.2471,2.3004,1.8202,2.5264,0.84698,2026-10-08,ECB euro foreign exchange reference rate,,UK Fuel Finder open data scheme (Department for Energy Security and Net Zero),Open Government Licence v3.0 (https://www.nationalarchives.gov.uk/doc/open-government-licence/version/3/); attribution: Contains public sector information licensed under the Open Government Licence v3.0
2026-10-06,GR,Greece,diesel,diesel,Diesel,prefecture averages published by the source,51,0,,2.1729,2.164,2.126,2.227,EUR,2.1729,2.164,2.126,2.227,1.0,,EUR (no conversion),,"Fuel Price Observatory, Ministry of Development (prefecture averages)","CC BY 4.0 (Ministry of Economy and Development, Fuel Price Observatory fuelprices.gr, as licensed on data.gov.gr: https://data.gov.gr/dataset/parathrhthrio-timwn-ygrwn-kaysimwn)"
2026-10-07,GR,Greece,diesel,diesel,Diesel,prefecture averages published by the source,51,0,,2.162,2.154,2.111,2.219,EUR,2.162,2.154,2.111,2.219,1.0,,EUR (no conversion),,"Fuel Price Observatory, Ministry of Development (prefecture averages)","CC BY 4.0 (Ministry of Economy and Development, Fuel Price Observatory fuelprices.gr, as licensed on data.gov.gr: https://data.gov.gr/dataset/parathrhthrio-timwn-ygrwn-kaysimwn)"
2026-10-06,GR,Greece,gpl,lpg,LPG,prefecture averages published by the source,51,0,,1.1015,1.07,1.037,1.197,EUR,1.1015,1.07,1.037,1.197,1.0,,EUR (no conversion),,"Fuel Price Observatory, Ministry of Development (prefecture averages)","CC BY 4.0 (Ministry of Economy and Development, Fuel Price Observatory fuelprices.gr, as licensed on data.gov.gr: https://data.gov.gr/dataset/parathrhthrio-timwn-ygrwn-kaysimwn)"
2026-10-07,GR,Greece,gpl,lpg,LPG,prefecture averages published by the source,51,0,,1.1039,1.073,1.041,1.197,EUR,1.1039,1.073,1.041,1.197,1.0,,EUR (no conversion),,"Fuel Price Observatory, Ministry of Development (prefecture averages)","CC BY 4.0 (Ministry of Economy and Development, Fuel Price Observatory fuelprices.gr, as licensed on data.gov.gr: https://data.gov.gr/dataset/parathrhthrio-timwn-ygrwn-kaysimwn)"
2026-10-06,GR,Greece,sp95,petrol,Unleaded 95,prefecture averages published by the source,51,0,,2.2168,2.207,2.183,2.255,EUR,2.2168,2.207,2.183,2.255,1.0,,EUR (no conversion),,"Fuel Price Observatory, Ministry of Development (prefecture averages)","CC BY 4.0 (Ministry of Economy and Development, Fuel Price Observatory fuelprices.gr, as licensed on data.gov.gr: https://data.gov.gr/dataset/parathrhthrio-timwn-ygrwn-kaysimwn)"
2026-10-07,GR,Greece,sp95,petrol,Unleaded 95,prefecture averages published by the source,51,0,,2.216,2.208,2.182,2.255,EUR,2.216,2.208,2.182,2.255,1.0,,EUR (no conversion),,"Fuel Price Observatory, Ministry of Development (prefecture averages)","CC BY 4.0 (Ministry of Economy and Development, Fuel Price Observatory fuelprices.gr, as licensed on data.gov.gr: https://data.gov.gr/dataset/parathrhthrio-timwn-ygrwn-kaysimwn)"
2026-10-06,GR,Greece,sp98,petrol,Unleaded 100,prefecture averages published by the source,51,0,,2.4435,2.44,2.402,2.467,EUR,2.4435,2.44,2.402,2.467,1.0,,EUR (no conversion),,"Fuel Price Observatory, Ministry of Development (prefecture averages)","CC BY 4.0 (Ministry of Economy and Development, Fuel Price Observatory fuelprices.gr, as licensed on data.gov.gr: https://data.gov.gr/dataset/parathrhthrio-timwn-ygrwn-kaysimwn)"
2026-10-07,GR,Greece,sp98,petrol,Unleaded 100,prefecture averages published by the source,51,0,,2.4583,2.456,2.416,2.483,EUR,2.4583,2.456,2.416,2.483,1.0,,EUR (no conversion),,"Fuel Price Observatory, Ministry of Development (prefecture averages)","CC BY 4.0 (Ministry of Economy and Development, Fuel Price Observatory fuelprices.gr, as licensed on data.gov.gr: https://data.gov.gr/dataset/parathrhthrio-timwn-ygrwn-kaysimwn)"
2026-10-06,HR,Croatia,diesel,diesel,Diesel,stations,858,0,0.986,1.8467,1.84,1.84,1.86,EUR,1.8467,1.84,1.84,1.86,1.0,,EUR (no conversion),,"Ministry of Economy (MINGO), mzoe-gor.hr","Open data of the Ministry of Economy (MINGO), attribution required"
2026-10-07,HR,Croatia,diesel,diesel,Diesel,stations,858,0,0.984,1.8473,1.84,1.84,1.86,EUR,1.8473,1.84,1.84,1.86,1.0,,EUR (no conversion),,"Ministry of Economy (MINGO), mzoe-gor.hr","Open data of the Ministry of Economy (MINGO), attribution required"
2026-10-08,HR,Croatia,diesel,diesel,Diesel,stations,854,0,0.963,1.8472,1.84,1.84,1.86,EUR,1.8472,1.84,1.84,1.86,1.0,,EUR (no conversion),,"Ministry of Economy (MINGO), mzoe-gor.hr","Open data of the Ministry of Economy (MINGO), attribution required"
2026-10-06,HR,Croatia,gpl,lpg,LPG,stations,486,0,0.977,0.8977,0.91,0.85,0.95,EUR,0.8977,0.91,0.85,0.95,1.0,,EUR (no conversion),,"Ministry of Economy (MINGO), mzoe-gor.hr","Open data of the Ministry of Economy (MINGO), attribution required"
2026-10-07,HR,Croatia,gpl,lpg,LPG,stations,486,0,0.959,0.8988,0.91,0.85,0.95,EUR,0.8988,0.91,0.85,0.95,1.0,,EUR (no conversion),,"Ministry of Economy (MINGO), mzoe-gor.hr","Open data of the Ministry of Economy (MINGO), attribution required"
2026-10-08,HR,Croatia,gpl,lpg,LPG,stations,484,0,0.952,0.8988,0.91,0.85,0.95,EUR,0.8988,0.91,0.85,0.95,1.0,,EUR (no conversion),,"Ministry of Economy (MINGO), mzoe-gor.hr","Open data of the Ministry of Economy (MINGO), attribution required"
2026-10-06,HR,Croatia,sp95,petrol,Eurosuper 95,stations,856,0,0.981,1.7451,1.74,1.74,1.76,EUR,1.7451,1.74,1.74,1.76,1.0,,EUR (no conversion),,"Ministry of Economy (MINGO), mzoe-gor.hr","Open data of the Ministry of Economy (MINGO), attribution required"
2026-10-07,HR,Croatia,sp95,petrol,Eurosuper 95,stations,856,0,0.979,1.7451,1.74,1.74,1.76,EUR,1.7451,1.74,1.74,1.76,1.0,,EUR (no conversion),,"Ministry of Economy (MINGO), mzoe-gor.hr","Open data of the Ministry of Economy (MINGO), attribution required"
2026-10-08,HR,Croatia,sp95,petrol,Eurosuper 95,stations,852,0,0.958,1.745,1.74,1.74,1.76,EUR,1.745,1.74,1.74,1.76,1.0,,EUR (no conversion),,"Ministry of Economy (MINGO), mzoe-gor.hr","Open data of the Ministry of Economy (MINGO), attribution required"
2026-10-06,HR,Croatia,sp98,petrol,Petrol 98,stations,350,0,0.986,2.3338,2.34,2.31,2.391,EUR,2.3338,2.34,2.31,2.391,1.0,,EUR (no conversion),,"Ministry of Economy (MINGO), mzoe-gor.hr","Open data of the Ministry of Economy (MINGO), attribution required"
2026-10-07,HR,Croatia,sp98,petrol,Petrol 98,stations,351,0,0.977,2.3322,2.34,2.31,2.39,EUR,2.3322,2.34,2.31,2.39,1.0,,EUR (no conversion),,"Ministry of Economy (MINGO), mzoe-gor.hr","Open data of the Ministry of Economy (MINGO), attribution required"
2026-10-08,HR,Croatia,sp98,petrol,Petrol 98,stations,351,0,0.952,2.3322,2.34,2.31,2.39,EUR,2.3322,2.34,2.31,2.39,1.0,,EUR (no conversion),,"Ministry of Economy (MINGO), mzoe-gor.hr","Open data of the Ministry of Economy (MINGO), attribution required"
2026-10-06,IS,Iceland,diesel,diesel,Diesel,stations,245,0,1.0,2.3394,2.363,2.192,2.398,ISK,320.9618,324.2036,300.7424,329.0056,137.2,2026-10-06,ECB euro foreign exchange reference rate,,Gasvaktin (gasvaktin.is),"No licence published by the source; aggregates computed by fuel-prices.eu (mean, median, p10, p90, number of stations); no station-level prices republished"
2026-10-07,IS,Iceland,diesel,diesel,Diesel,stations,245,0,1.0,2.3356,2.359,2.189,2.394,ISK,319.9766,323.183,299.893,327.978,137.0,2026-10-07,ECB euro foreign exchange reference rate,,Gasvaktin (gasvaktin.is),"No licence published by the source; aggregates computed by fuel-prices.eu (mean, median, p10, p90, number of stations); no station-level prices republished"
2026-10-08,IS,Iceland,diesel,diesel,Diesel,stations,245,0,1.0,2.344,2.363,2.192,2.412,ISK,321.1336,323.731,300.304,330.444,137.0,2026-10-08,ECB euro foreign exchange reference rate,,Gasvaktin (gasvaktin.is),"No licence published by the source; aggregates computed by fuel-prices.eu (mean, median, p10, p90, number of stations); no station-level prices republished"
2026-10-06,IS,Iceland,sp95,petrol,Petrol 95 (E5),stations,245,0,1.0,2.0337,2.061,1.85,2.091,ISK,279.0301,282.7692,253.82,286.8852,137.2,2026-10-06,ECB euro foreign exchange reference rate,,Gasvaktin (gasvaktin.is),"No licence published by the source; aggregates computed by fuel-prices.eu (mean, median, p10, p90, number of stations); no station-level prices republished"
2026-10-07,IS,Iceland,sp95,petrol,Petrol 95 (E5),stations,245,0,1.0,2.0305,2.058,1.847,2.087,ISK,278.1743,281.946,253.039,285.919,137.0,2026-10-07,ECB euro foreign exchange reference rate,,Gasvaktin (gasvaktin.is),"No licence published by the source; aggregates computed by fuel-prices.eu (mean, median, p10, p90, number of stations); no station-level prices republished"
2026-10-08,IS,Iceland,sp95,petrol,Petrol 95 (E5),stations,245,0,1.0,2.0361,2.061,1.85,2.098,ISK,278.9404,282.357,253.45,287.426,137.0,2026-10-08,ECB euro foreign exchange reference rate,,Gasvaktin (gasvaktin.is),"No licence published by the source; aggregates computed by fuel-prices.eu (mean, median, p10, p90, number of stations); no station-level prices republished"
2026-10-06,IT,Italy,diesel,diesel,Diesel,stations,21242,0,0.902,2.2462,2.23,2.189,2.357,EUR,2.2462,2.23,2.189,2.357,1.0,,EUR (no conversion),,"Osservaprezzi Carburanti, MIMIT",Italian Open Data License 2.0 (IODL 2.0)
2026-10-07,IT,Italy,diesel,diesel,Diesel,stations,21251,0,0.91,2.2623,2.25,2.199,2.349,EUR,2.2623,2.25,2.199,2.349,1.0,,EUR (no conversion),,"Osservaprezzi Carburanti, MIMIT",Italian Open Data License 2.0 (IODL 2.0)
2026-10-06,IT,Italy,gpl,lpg,LPG,stations,4590,0,0.377,0.7708,0.765,0.699,0.849,EUR,0.7708,0.765,0.699,0.849,1.0,,EUR (no conversion),,"Osservaprezzi Carburanti, MIMIT",Italian Open Data License 2.0 (IODL 2.0)
2026-10-07,IT,Italy,gpl,lpg,LPG,stations,4591,0,0.436,0.7736,0.769,0.699,0.857,EUR,0.7736,0.769,0.699,0.857,1.0,,EUR (no conversion),,"Osservaprezzi Carburanti, MIMIT",Italian Open Data License 2.0 (IODL 2.0)
2026-10-06,IT,Italy,sp95,petrol,Petrol 95,stations,21171,0,0.851,2.046,1.999,1.99,2.159,EUR,2.046,1.999,1.99,2.159,1.0,,EUR (no conversion),,"Osservaprezzi Carburanti, MIMIT",Italian Open Data License 2.0 (IODL 2.0)
2026-10-07,IT,Italy,sp95,petrol,Petrol 95,stations,21179,0,0.716,2.0426,1.999,1.99,2.159,EUR,2.0426,1.999,1.99,2.159,1.0,,EUR (no conversion),,"Osservaprezzi Carburanti, MIMIT",Italian Open Data License 2.0 (IODL 2.0)
2026-10-06,IT,Italy,sp98,petrol,Petrol 98,stations,1305,20,0.621,2.1675,2.14,2.054,2.325,EUR,2.1675,2.14,2.054,2.325,1.0,,EUR (no conversion),,"Osservaprezzi Carburanti, MIMIT",Italian Open Data License 2.0 (IODL 2.0)
2026-10-07,IT,Italy,sp98,petrol,Petrol 98,stations,1305,20,0.308,2.1654,2.14,2.039,2.322,EUR,2.1654,2.14,2.039,2.322,1.0,,EUR (no conversion),,"Osservaprezzi Carburanti, MIMIT",Italian Open Data License 2.0 (IODL 2.0)
2026-10-06,RO,Romania,diesel,diesel,Diesel (standard),stations,1142,0,0.221,2.0411,2.0501,2.0389,2.0501,RON,10.9219,10.97,10.91,10.97,5.351,2026-10-06,ECB euro foreign exchange reference rate,,Monitorul Prețurilor Carburanților (Consiliul Concurenței),"No licence published by the source; aggregates computed by fuel-prices.eu (mean, median, p10, p90, number of stations); no station-level prices republished"
2026-10-07,RO,Romania,diesel,diesel,Diesel (standard),stations,1142,0,0.814,2.0349,2.0401,2.0288,2.0494,RON,10.8923,10.92,10.86,10.97,5.3528,2026-10-07,ECB euro foreign exchange reference rate,,Monitorul Prețurilor Carburanților (Consiliul Concurenței),"No licence published by the source; aggregates computed by fuel-prices.eu (mean, median, p10, p90, number of stations); no station-level prices republished"
2026-10-08,RO,Romania,diesel,diesel,Diesel (standard),stations,1142,0,0.981,2.0349,2.0436,2.0324,2.0436,RON,10.8731,10.92,10.86,10.92,5.3434,2026-10-08,ECB euro foreign exchange reference rate,,Monitorul Prețurilor Carburanților (Consiliul Concurenței),"No licence published by the source; aggregates computed by fuel-prices.eu (mean, median, p10, p90, number of stations); no station-level prices republished"
2026-10-09,RO,Romania,diesel,diesel,Diesel (standard),stations,1142,0,0.981,2.0349,2.0436,2.0324,2.0436,RON,10.8731,10.92,10.86,10.92,5.3434,2026-10-08,ECB euro foreign exchange reference rate,,Monitorul Prețurilor Carburanților (Consiliul Concurenței),"No licence published by the source; aggregates computed by fuel-prices.eu (mean, median, p10, p90, number of stations); no station-level prices republished"
2026-10-06,RO,Romania,diesel_premium,diesel,Diesel (premium),stations,1099,0,0.816,2.1997,2.2164,2.1977,2.2201,RON,11.7707,11.86,11.76,11.88,5.351,2026-10-06,ECB euro foreign exchange reference rate,,Monitorul Prețurilor Carburanților (Consiliul Concurenței),"No licence published by the source; aggregates computed by fuel-prices.eu (mean, median, p10, p90, number of stations); no station-level prices republished"
2026-10-07,RO,Romania,diesel_premium,diesel,Diesel (premium),stations,1099,0,0.989,2.1935,2.2101,2.1876,2.2194,RON,11.7412,11.83,11.71,11.88,5.3528,2026-10-07,ECB euro foreign exchange reference rate,,Monitorul Prețurilor Carburanților (Consiliul Concurenței),"No licence published by the source; aggregates computed by fuel-prices.eu (mean, median, p10, p90, number of stations); no station-level prices republished"
2026-10-08,RO,Romania,diesel_premium,diesel,Diesel (premium),stations,1099,0,0.989,2.1939,2.2102,2.1915,2.2139,RON,11.7228,11.81,11.71,11.83,5.3434,2026-10-08,ECB euro foreign exchange reference rate,,Monitorul Prețurilor Carburanților (Consiliul Concurenței),"No licence published by the source; aggregates computed by fuel-prices.eu (mean, median, p10, p90, number of stations); no station-level prices republished"
2026-10-09,RO,Romania,diesel_premium,diesel,Diesel (premium),stations,1099,0,0.989,2.1942,2.2102,2.1915,2.2139,RON,11.7245,11.81,11.71,11.83,5.3434,2026-10-08,ECB euro foreign exchange reference rate,,Monitorul Prețurilor Carburanților (Consiliul Concurenței),"No licence published by the source; aggregates computed by fuel-prices.eu (mean, median, p10, p90, number of stations); no station-level prices republished"
2026-10-06,RO,Romania,lpg,lpg,LPG,stations,268,0,0.015,0.8748,0.8783,0.8727,0.8858,RON,4.6811,4.7,4.67,4.74,5.351,2026-10-06,ECB euro foreign exchange reference rate,,Monitorul Prețurilor Carburanților (Consiliul Concurenței),"No licence published by the source; aggregates computed by fuel-prices.eu (mean, median, p10, p90, number of stations); no station-level prices republished"
2026-10-07,RO,Romania,lpg,lpg,LPG,stations,268,0,0.004,0.8745,0.878,0.8724,0.8855,RON,4.6811,4.7,4.67,4.74,5.3528,2026-10-07,ECB euro foreign exchange reference rate,,Monitorul Prețurilor Carburanților (Consiliul Concurenței),"No licence published by the source; aggregates computed by fuel-prices.eu (mean, median, p10, p90, number of stations); no station-level prices republished"
2026-10-08,RO,Romania,lpg,lpg,LPG,stations,268,0,0.0,0.8761,0.8796,0.874,0.8871,RON,4.6811,4.7,4.67,4.74,5.3434,2026-10-08,ECB euro foreign exchange reference rate,,Monitorul Prețurilor Carburanților (Consiliul Concurenței),"No licence published by the source; aggregates computed by fuel-prices.eu (mean, median, p10, p90, number of stations); no station-level prices republished"
2026-10-09,RO,Romania,lpg,lpg,LPG,stations,268,0,0.0,0.8761,0.8796,0.874,0.8871,RON,4.6811,4.7,4.67,4.74,5.3434,2026-10-08,ECB euro foreign exchange reference rate,,Monitorul Prețurilor Carburanților (Consiliul Concurenței),"No licence published by the source; aggregates computed by fuel-prices.eu (mean, median, p10, p90, number of stations); no station-level prices republished"
2026-10-06,RO,Romania,petrol95,petrol,Petrol 95 (standard),stations,1141,0,0.991,1.8916,1.8968,1.8894,1.9006,RON,10.1218,10.15,10.11,10.17,5.351,2026-10-06,ECB euro foreign exchange reference rate,,Monitorul Prețurilor Carburanților (Consiliul Concurenței),"No licence published by the source; aggregates computed by fuel-prices.eu (mean, median, p10, p90, number of stations); no station-level prices republished"
2026-10-07,RO,Romania,petrol95,petrol,Petrol 95 (standard),stations,1141,0,0.991,1.8909,1.8962,1.8887,1.8999,RON,10.1219,10.15,10.11,10.17,5.3528,2026-10-07,ECB euro foreign exchange reference rate,,Monitorul Prețurilor Carburanților (Consiliul Concurenței),"No licence published by the source; aggregates computed by fuel-prices.eu (mean, median, p10, p90, number of stations); no station-level prices republished"
2026-10-08,RO,Romania,petrol95,petrol,Petrol 95 (standard),stations,1141,0,0.991,1.8943,1.8995,1.8921,1.9033,RON,10.1219,10.15,10.11,10.17,5.3434,2026-10-08,ECB euro foreign exchange reference rate,,Monitorul Prețurilor Carburanților (Consiliul Concurenței),"No licence published by the source; aggregates computed by fuel-prices.eu (mean, median, p10, p90, number of stations); no station-level prices republished"
2026-10-09,RO,Romania,petrol95,petrol,Petrol 95 (standard),stations,1141,0,0.991,1.8943,1.8995,1.8921,1.9033,RON,10.1219,10.15,10.11,10.17,5.3434,2026-10-08,ECB euro foreign exchange reference rate,,Monitorul Prețurilor Carburanților (Consiliul Concurenței),"No licence published by the source; aggregates computed by fuel-prices.eu (mean, median, p10, p90, number of stations); no station-level prices republished"
2026-10-06,RO,Romania,petrol_premium,petrol,Petrol (premium),stations,1035,0,0.991,1.9967,2.0071,1.9791,2.0071,RON,10.6842,10.74,10.59,10.74,5.351,2026-10-06,ECB euro foreign exchange reference rate,,Monitorul Prețurilor Carburanților (Consiliul Concurenței),"No licence published by the source; aggregates computed by fuel-prices.eu (mean, median, p10, p90, number of stations); no station-level prices republished"
2026-10-07,RO,Romania,petrol_premium,petrol,Petrol (premium),stations,1035,0,0.991,1.996,2.0064,1.9784,2.0064,RON,10.6843,10.74,10.59,10.74,5.3528,2026-10-07,ECB euro foreign exchange reference rate,,Monitorul Prețurilor Carburanților (Consiliul Concurenței),"No licence published by the source; aggregates computed by fuel-prices.eu (mean, median, p10, p90, number of stations); no station-level prices republished"
2026-10-08,RO,Romania,petrol_premium,petrol,Petrol (premium),stations,1035,0,0.991,1.9995,2.01,1.9819,2.01,RON,10.6843,10.74,10.59,10.74,5.3434,2026-10-08,ECB euro foreign exchange reference rate,,Monitorul Prețurilor Carburanților (Consiliul Concurenței),"No licence published by the source; aggregates computed by fuel-prices.eu (mean, median, p10, p90, number of stations); no station-level prices republished"
2026-10-09,RO,Romania,petrol_premium,petrol,Petrol (premium),stations,1035,0,0.991,1.9995,2.01,1.9819,2.01,RON,10.6843,10.74,10.59,10.74,5.3434,2026-10-08,ECB euro foreign exchange reference rate,,Monitorul Prețurilor Carburanților (Consiliul Concurenței),"No licence published by the source; aggregates computed by fuel-prices.eu (mean, median, p10, p90, number of stations); no station-level prices republished"
2026-10-06,SI,Slovenia,diesel,diesel,Diesel,stations,541,0,0.993,1.8963,1.883,1.883,2.019,EUR,1.8963,1.883,1.883,2.019,1.0,,EUR (no conversion),,goriva.si (Ministry of Economy),"No licence published by the source; aggregates computed by fuel-prices.eu (mean, median, p10, p90, number of stations); no station-level prices republished"
2026-10-07,SI,Slovenia,diesel,diesel,Diesel,stations,540,0,0.991,1.8958,1.883,1.883,2.019,EUR,1.8958,1.883,1.883,2.019,1.0,,EUR (no conversion),,goriva.si (Ministry of Economy),"No licence published by the source; aggregates computed by fuel-prices.eu (mean, median, p10, p90, number of stations); no station-level prices republished"
2026-10-08,SI,Slovenia,diesel,diesel,Diesel,stations,539,0,0.989,1.8958,1.883,1.883,2.019,EUR,1.8958,1.883,1.883,2.019,1.0,,EUR (no conversion),,goriva.si (Ministry of Economy),"No licence published by the source; aggregates computed by fuel-prices.eu (mean, median, p10, p90, number of stations); no station-level prices republished"
2026-10-06,SI,Slovenia,gpl,lpg,LPG,stations,137,0,0.234,0.9886,0.976,0.968,1.036,EUR,0.9886,0.976,0.968,1.036,1.0,,EUR (no conversion),,goriva.si (Ministry of Economy),"No licence published by the source; aggregates computed by fuel-prices.eu (mean, median, p10, p90, number of stations); no station-level prices republished"
2026-10-07,SI,Slovenia,gpl,lpg,LPG,stations,137,0,0.234,0.9886,0.976,0.968,1.036,EUR,0.9886,0.976,0.968,1.036,1.0,,EUR (no conversion),,goriva.si (Ministry of Economy),"No licence published by the source; aggregates computed by fuel-prices.eu (mean, median, p10, p90, number of stations); no station-level prices republished"
2026-10-08,SI,Slovenia,gpl,lpg,LPG,stations,137,0,0.234,0.9886,0.976,0.968,1.036,EUR,0.9886,0.976,0.968,1.036,1.0,,EUR (no conversion),,goriva.si (Ministry of Economy),"No licence published by the source; aggregates computed by fuel-prices.eu (mean, median, p10, p90, number of stations); no station-level prices republished"
2026-10-06,SI,Slovenia,sp95,petrol,Petrol 95,stations,519,0,0.987,1.7592,1.744,1.744,1.911,EUR,1.7592,1.744,1.744,1.911,1.0,,EUR (no conversion),,goriva.si (Ministry of Economy),"No licence published by the source; aggregates computed by fuel-prices.eu (mean, median, p10, p90, number of stations); no station-level prices republished"
2026-10-07,SI,Slovenia,sp95,petrol,Petrol 95,stations,518,0,0.985,1.7591,1.744,1.744,1.911,EUR,1.7591,1.744,1.744,1.911,1.0,,EUR (no conversion),,goriva.si (Ministry of Economy),"No licence published by the source; aggregates computed by fuel-prices.eu (mean, median, p10, p90, number of stations); no station-level prices republished"
2026-10-08,SI,Slovenia,sp95,petrol,Petrol 95,stations,517,0,0.983,1.7591,1.744,1.744,1.911,EUR,1.7591,1.744,1.744,1.911,1.0,,EUR (no conversion),,goriva.si (Ministry of Economy),"No licence published by the source; aggregates computed by fuel-prices.eu (mean, median, p10, p90, number of stations); no station-level prices republished"
2026-10-06,SI,Slovenia,sp98,petrol,Petrol 98,stations,354,0,0.989,2.1281,2.111,2.099,2.232,EUR,2.1281,2.111,2.099,2.232,1.0,,EUR (no conversion),,goriva.si (Ministry of Economy),"No licence published by the source; aggregates computed by fuel-prices.eu (mean, median, p10, p90, number of stations); no station-level prices republished"
2026-10-07,SI,Slovenia,sp98,petrol,Petrol 98,stations,354,0,0.994,2.1292,2.111,2.109,2.232,EUR,2.1292,2.111,2.109,2.232,1.0,,EUR (no conversion),,goriva.si (Ministry of Economy),"No licence published by the source; aggregates computed by fuel-prices.eu (mean, median, p10, p90, number of stations); no station-level prices republished"
2026-10-08,SI,Slovenia,sp98,petrol,Petrol 98,stations,354,0,0.989,2.1292,2.111,2.109,2.232,EUR,2.1292,2.111,2.109,2.232,1.0,,EUR (no conversion),,goriva.si (Ministry of Economy),"No licence published by the source; aggregates computed by fuel-prices.eu (mean, median, p10, p90, number of stations); no station-level prices republished"
# SAMPLE of 126 of 4638 rows; full file: https://www.fuel-prices.eu/research/data/d2-national-daily/fp-d2-national-daily.zip
# Source: fuel-prices.eu (https://www.fuel-prices.eu/research/)
# Daily statistics computed by fuel-prices.eu from national fuel-price feeds (our own statistics: CC BY 4.0). The underlying source data keep their own terms: see source_terms.
# Portugal and Andorra are excluded (their sources restrict reuse). Withdrawn on 1 October 2026 (their sources do not allow republication): Türkiye, Serbia, North Macedonia, Montenegro, Bosnia and Herzegovina, Moldova, Lithuania. Excluded pending licence review: Australia, Sweden.
# Statistics are unweighted: mean = arithmetic mean of the observations (one station or prefecture average = one observation; no weighting by sales volume). date = calendar day in Bucharest time (Europe/Bucharest, UTC+2/UTC+3): station feeds are snapshotted daily at 09:35-10:00 Bucharest time; Italy = day of the MIMIT daily file (prices in force at about 08:00 that day, published by MIMIT the next morning; since version 2026-09.7); Romania = last price read that day; Greece = day of the source bulletin.
# Contains public sector information licensed under the Open Government Licence v3.0 (United Kingdom rows: UK Fuel Finder, Department for Energy Security and Net Zero).
# Freshness: a station price counts on a day only if fuel-prices.eu read it from the source feed in the 48 hours before that day's snapshot (France 6 hours from 24 September 2026, United Kingdom 7 days); stations that left a feed are not carried forward (since version 2026-09.3).
# Version 2026-10.1, built 2026-10-09T03:40Z.
