date,country_code,station_id,brand,city,region,lat,lon,fuel,fuel_label,price,currency,unit,source_updated_at,collected_at
2026-09-30,FR,10000005,,Troyes,10,48.283,4.079,diesel,Diesel,2.396,EUR,L,2026-09-25T07:31:00,2026-09-30T06:24:20Z
2026-09-30,FR,10000005,,Troyes,10,48.283,4.079,e10,Petrol 95 (SP95-E10),2.184,EUR,L,2026-09-25T07:31:00,2026-09-30T06:24:20Z
2026-09-30,FR,10000005,,Troyes,10,48.283,4.079,sp98,Petrol 98 (SP98),2.268,EUR,L,2026-09-25T07:31:00,2026-09-30T06:24:20Z
2026-09-30,FR,10000006,,TROYES,10,48.289,4.076,diesel,Diesel,2.437,EUR,L,2026-09-22T07:11:18,2026-09-30T06:24:09Z
2026-09-30,FR,10000006,,TROYES,10,48.289,4.076,e10,Petrol 95 (SP95-E10),2.17,EUR,L,2026-09-22T07:11:18,2026-09-30T06:24:09Z
2026-09-30,FR,10000006,,TROYES,10,48.289,4.076,sp98,Petrol 98 (SP98),2.27,EUR,L,2026-09-22T07:11:18,2026-09-30T06:24:09Z
2026-09-30,FR,1000001,,SAINT-DENIS-LèS-BOURG,01,46.201,5.198,diesel,Diesel,2.42,EUR,L,2026-09-29T10:45:00,2026-09-30T06:24:28Z
2026-09-30,FR,1000001,,SAINT-DENIS-LèS-BOURG,01,46.201,5.198,e10,Petrol 95 (SP95-E10),2.221,EUR,L,2026-09-29T10:45:00,2026-09-30T06:24:28Z
2026-09-30,FR,1000001,,SAINT-DENIS-LèS-BOURG,01,46.201,5.198,e85,E85 (superethanol),0.87,EUR,L,2026-09-29T10:45:00,2026-09-30T06:24:28Z
2026-09-30,FR,1000001,,SAINT-DENIS-LèS-BOURG,01,46.201,5.198,sp95,"Petrol 95 (SP95, E5)",2.265,EUR,L,2026-09-29T10:45:00,2026-09-30T06:24:28Z
2026-09-30,FR,1000001,,SAINT-DENIS-LèS-BOURG,01,46.201,5.198,sp98,Petrol 98 (SP98),2.33,EUR,L,2026-09-29T10:45:00,2026-09-30T06:24:28Z
2026-09-30,FR,10000018,,TROYES,10,48.294,4.083,diesel,Diesel,2.25,EUR,L,2026-09-30T06:33:45,2026-09-30T06:24:34Z
2026-09-30,FR,10000018,,TROYES,10,48.294,4.083,e10,Petrol 95 (SP95-E10),1.99,EUR,L,2026-09-30T06:33:45,2026-09-30T06:24:34Z
2026-09-30,FR,10000018,,TROYES,10,48.294,4.083,sp98,Petrol 98 (SP98),1.99,EUR,L,2026-09-30T06:33:45,2026-09-30T06:24:34Z
2026-09-30,FR,10000019,,TROYES,10,48.288,4.08,diesel,Diesel,2.25,EUR,L,2026-09-30T07:32:29,2026-09-30T06:24:17Z
2026-09-30,FR,10000019,,TROYES,10,48.288,4.08,e10,Petrol 95 (SP95-E10),1.99,EUR,L,2026-09-30T07:32:29,2026-09-30T06:24:17Z
2026-09-30,FR,10000019,,TROYES,10,48.288,4.08,e85,E85 (superethanol),0.867,EUR,L,2026-09-30T07:32:29,2026-09-30T06:24:17Z
2026-09-30,FR,10000019,,TROYES,10,48.288,4.08,sp98,Petrol 98 (SP98),1.99,EUR,L,2026-09-30T07:32:29,2026-09-30T06:24:17Z
2026-09-30,FR,1000002,,BOURG-EN-BRESSE,01,46.21842,5.22767,diesel,Diesel,2.425,EUR,L,2026-09-25T11:46:49,2026-09-30T06:24:14Z
2026-09-30,FR,1000002,,BOURG-EN-BRESSE,01,46.21842,5.22767,sp95,"Petrol 95 (SP95, E5)",2.223,EUR,L,2026-09-25T11:46:49,2026-09-30T06:24:14Z
2026-09-30,FR,1000002,,BOURG-EN-BRESSE,01,46.21842,5.22767,sp98,Petrol 98 (SP98),2.301,EUR,L,2026-09-25T11:46:49,2026-09-30T06:24:14Z
2026-09-30,FR,10000020,,TROYES,10,48.3044,4.0727,diesel,Diesel,2.25,EUR,L,2026-09-30T00:01:00,2026-09-30T06:24:25Z
2026-09-30,FR,1000007,,Bourg-en-Bresse,01,46.221,5.245,diesel,Diesel,2.416,EUR,L,2026-09-30T01:17:00,2026-09-30T06:24:31Z
2026-09-30,FR,1000007,,Bourg-en-Bresse,01,46.221,5.245,e10,Petrol 95 (SP95-E10),2.235,EUR,L,2026-09-30T01:17:00,2026-09-30T06:24:31Z
2026-09-30,FR,1000007,,Bourg-en-Bresse,01,46.221,5.245,sp95,"Petrol 95 (SP95, E5)",2.239,EUR,L,2026-09-30T01:17:00,2026-09-30T06:24:31Z
2026-09-30,FR,1000007,,Bourg-en-Bresse,01,46.221,5.245,sp98,Petrol 98 (SP98),2.278,EUR,L,2026-09-30T01:17:00,2026-09-30T06:24:31Z
2026-09-30,FR,1000008,,BOURG-EN-BRESSE,01,46.199,5.241,diesel,Diesel,2.416,EUR,L,2026-09-30T00:47:00,2026-09-30T06:24:12Z
2026-09-30,FR,1000008,,BOURG-EN-BRESSE,01,46.199,5.241,e85,E85 (superethanol),0.869,EUR,L,2026-09-30T00:47:00,2026-09-30T06:24:12Z
2026-09-30,FR,1000008,,BOURG-EN-BRESSE,01,46.199,5.241,sp95,"Petrol 95 (SP95, E5)",2.238,EUR,L,2026-09-30T00:47:00,2026-09-30T06:24:12Z
2026-09-30,FR,1000008,,BOURG-EN-BRESSE,01,46.199,5.241,sp98,Petrol 98 (SP98),2.279,EUR,L,2026-09-30T00:47:00,2026-09-30T06:24:12Z
2026-09-30,FR,1000009,,Bourg-en-Bresse,01,46.196,5.229,diesel,Diesel,2.42,EUR,L,2026-09-28T09:11:11,2026-09-30T06:24:19Z
2026-09-30,FR,1000009,,Bourg-en-Bresse,01,46.196,5.229,e10,Petrol 95 (SP95-E10),2.178,EUR,L,2026-09-28T09:11:11,2026-09-30T06:24:19Z
2026-09-30,FR,1000009,,Bourg-en-Bresse,01,46.196,5.229,e85,E85 (superethanol),0.869,EUR,L,2026-09-28T09:11:11,2026-09-30T06:24:19Z
2026-09-30,FR,1000009,,Bourg-en-Bresse,01,46.196,5.229,sp95,"Petrol 95 (SP95, E5)",2.238,EUR,L,2026-09-28T09:11:11,2026-09-30T06:24:19Z
2026-09-30,FR,1000009,,Bourg-en-Bresse,01,46.196,5.229,sp98,Petrol 98 (SP98),2.278,EUR,L,2026-09-28T09:11:11,2026-09-30T06:24:19Z
2026-09-30,FR,1000012,,SAINT DENIS LES BOURG,01,46.201,5.2,diesel,Diesel,2.25,EUR,L,2026-09-30T00:01:00,2026-09-30T06:24:19Z
2026-09-30,FR,1000012,,SAINT DENIS LES BOURG,01,46.201,5.2,e10,Petrol 95 (SP95-E10),1.99,EUR,L,2026-09-30T00:01:00,2026-09-30T06:24:19Z
2026-09-30,FR,1000012,,SAINT DENIS LES BOURG,01,46.201,5.2,e85,E85 (superethanol),0.889,EUR,L,2026-09-30T00:01:00,2026-09-30T06:24:19Z
2026-09-30,FR,1000012,,SAINT DENIS LES BOURG,01,46.201,5.2,sp98,Petrol 98 (SP98),1.99,EUR,L,2026-09-30T00:01:00,2026-09-30T06:24:19Z
2026-09-30,FR,1000013,,Bourg-en-Bresse,01,46.199,5.244,diesel,Diesel,2.25,EUR,L,2026-09-30T00:01:00,2026-09-30T06:24:33Z
2026-09-30,FR,1000013,,Bourg-en-Bresse,01,46.199,5.244,e10,Petrol 95 (SP95-E10),1.99,EUR,L,2026-09-30T00:01:00,2026-09-30T06:24:19Z
2026-09-30,FR,1000013,,Bourg-en-Bresse,01,46.199,5.244,sp98,Petrol 98 (SP98),1.99,EUR,L,2026-09-30T00:01:00,2026-09-30T06:24:33Z
2026-09-30,FR,1000016,,Bourg en Bresse,01,46.207887,5.237121,diesel,Diesel,2.25,EUR,L,2026-09-29T18:13:22,2026-09-30T06:24:19Z
2026-09-30,FR,1000016,,Bourg en Bresse,01,46.207887,5.237121,e10,Petrol 95 (SP95-E10),1.99,EUR,L,2026-09-29T18:13:22,2026-09-30T06:24:19Z
2026-09-30,FR,1000016,,Bourg en Bresse,01,46.207887,5.237121,sp98,Petrol 98 (SP98),1.99,EUR,L,2026-09-29T18:13:22,2026-09-30T06:24:19Z
2026-09-30,FR,10100001,,Romilly-sur-Seine,10,48.51018,3.71443,diesel,Diesel,2.408,EUR,L,2026-09-21T08:00:06,2026-09-30T06:24:25Z
2026-09-30,FR,10100001,,Romilly-sur-Seine,10,48.51018,3.71443,sp95,"Petrol 95 (SP95, E5)",2.247,EUR,L,2026-09-21T08:00:06,2026-09-30T06:24:25Z
2026-09-30,FR,10100001,,Romilly-sur-Seine,10,48.51018,3.71443,sp98,Petrol 98 (SP98),2.305,EUR,L,2026-09-21T08:00:06,2026-09-30T06:24:25Z
2026-09-30,FR,10100002,,Romilly-sur-Seine,10,48.509,3.732,diesel,Diesel,2.25,EUR,L,2026-08-17T20:31:57,2026-09-30T06:24:31Z
2026-09-30,FR,10100003,,Romilly-sur-Seine,10,48.512,3.72,diesel,Diesel,2.408,EUR,L,2026-09-29T14:46:00,2026-09-30T06:24:23Z
2026-09-30,FR,10100003,,Romilly-sur-Seine,10,48.512,3.72,e10,Petrol 95 (SP95-E10),2.168,EUR,L,2026-09-29T14:46:00,2026-09-30T06:24:23Z
2026-09-30,FR,10100003,,Romilly-sur-Seine,10,48.512,3.72,sp98,Petrol 98 (SP98),2.248,EUR,L,2026-09-29T14:46:00,2026-09-30T06:24:23Z
2026-09-30,FR,10100004,,Romilly-sur-Seine,10,48.505,3.763,diesel,Diesel,2.399,EUR,L,2026-09-30T01:15:00,2026-09-30T06:24:34Z
2026-09-30,FR,10100004,,Romilly-sur-Seine,10,48.505,3.763,e10,Petrol 95 (SP95-E10),2.159,EUR,L,2026-09-30T01:15:00,2026-09-30T06:24:34Z
2026-09-30,FR,10100004,,Romilly-sur-Seine,10,48.505,3.763,e85,E85 (superethanol),0.848,EUR,L,2026-09-30T01:15:00,2026-09-30T06:24:34Z
2026-09-30,FR,10100004,,Romilly-sur-Seine,10,48.505,3.763,gpl,LPG,1.016,EUR,L,2026-09-30T01:15:00,2026-09-30T06:24:34Z
2026-09-30,FR,10100004,,Romilly-sur-Seine,10,48.505,3.763,sp98,Petrol 98 (SP98),2.249,EUR,L,2026-09-30T01:15:00,2026-09-30T06:24:34Z
2026-09-30,FR,10110001,,Bar-sur-Seine,10,48.106,4.377,diesel,Diesel,2.408,EUR,L,2026-09-29T11:11:00,2026-09-30T06:24:08Z
2026-09-30,FR,10110001,,Bar-sur-Seine,10,48.106,4.377,e10,Petrol 95 (SP95-E10),2.171,EUR,L,2026-09-29T11:11:00,2026-09-30T06:24:08Z
2026-09-30,FR,10110001,,Bar-sur-Seine,10,48.106,4.377,e85,E85 (superethanol),0.953,EUR,L,2026-09-29T11:11:00,2026-09-30T06:24:08Z
2026-09-30,FR,10110001,,Bar-sur-Seine,10,48.106,4.377,sp98,Petrol 98 (SP98),2.271,EUR,L,2026-09-29T11:11:00,2026-09-30T06:24:08Z
2026-09-30,FR,10110002,,Bar-sur-Seine,10,48.11577,4.38129,diesel,Diesel,2.399,EUR,L,2026-09-29T08:45:47,2026-09-30T06:24:35Z
2026-09-30,FR,10110002,,Bar-sur-Seine,10,48.11577,4.38129,e10,Petrol 95 (SP95-E10),2.162,EUR,L,2026-09-18T08:17:16,2026-09-30T06:24:35Z
2026-09-30,FR,10110002,,Bar-sur-Seine,10,48.11577,4.38129,e85,E85 (superethanol),0.869,EUR,L,2026-09-28T08:02:40,2026-09-30T06:24:35Z
2026-09-30,FR,10110002,,Bar-sur-Seine,10,48.11577,4.38129,sp98,Petrol 98 (SP98),2.262,EUR,L,2026-09-23T08:17:47,2026-09-30T06:24:35Z
2026-09-30,FR,10120004,,SAINT GERMAIN,10,48.261519,4.034204,diesel,Diesel,2.399,EUR,L,2026-09-23T08:24:38,2026-09-30T06:24:35Z
2026-09-30,FR,10120004,,SAINT GERMAIN,10,48.261519,4.034204,e10,Petrol 95 (SP95-E10),2.179,EUR,L,2026-09-28T08:39:54,2026-09-30T06:24:35Z
2026-09-30,FR,10120004,,SAINT GERMAIN,10,48.261519,4.034204,sp95,"Petrol 95 (SP95, E5)",2.259,EUR,L,2026-09-21T11:15:47,2026-09-30T06:24:35Z
2026-09-30,FR,10120004,,SAINT GERMAIN,10,48.261519,4.034204,sp98,Petrol 98 (SP98),2.289,EUR,L,2026-09-23T08:24:38,2026-09-30T06:24:35Z
2026-09-30,FR,10120006,,SAINT ANDRE LES VERGERS,10,48.272924,4.055641,diesel,Diesel,2.449,EUR,L,2026-09-19T00:00:00,2026-09-30T06:24:19Z
2026-09-30,FR,10120006,,SAINT ANDRE LES VERGERS,10,48.272924,4.055641,e10,Petrol 95 (SP95-E10),2.299,EUR,L,2026-09-19T00:00:00,2026-09-30T06:24:19Z
2026-09-30,FR,10120006,,SAINT ANDRE LES VERGERS,10,48.272924,4.055641,e85,E85 (superethanol),0.939,EUR,L,2026-09-19T00:00:00,2026-09-30T06:24:19Z
2026-09-30,FR,10120006,,SAINT ANDRE LES VERGERS,10,48.272924,4.055641,sp98,Petrol 98 (SP98),2.349,EUR,L,2026-09-19T00:00:00,2026-09-30T06:24:19Z
2026-09-30,FR,10123001,,Saint-André-les-Vergers,10,48.281777,4.052578,diesel,Diesel,2.434,EUR,L,2026-09-29T11:40:02,2026-09-30T06:24:18Z
2026-09-30,FR,10123001,,Saint-André-les-Vergers,10,48.281777,4.052578,e10,Petrol 95 (SP95-E10),2.239,EUR,L,2026-09-29T11:40:02,2026-09-30T06:24:18Z
2026-09-30,FR,10123001,,Saint-André-les-Vergers,10,48.281777,4.052578,e85,E85 (superethanol),0.879,EUR,L,2026-09-29T11:40:02,2026-09-30T06:24:18Z
2026-09-30,FR,10123001,,Saint-André-les-Vergers,10,48.281777,4.052578,sp98,Petrol 98 (SP98),2.319,EUR,L,2026-09-30T00:47:00,2026-09-30T06:24:18Z
2026-09-30,FR,10130001,,Ervy-le-Châtel,10,48.046,3.924,diesel,Diesel,2.499,EUR,L,2026-09-22T00:00:00,2026-09-30T06:24:29Z
2026-09-30,FR,10130001,,Ervy-le-Châtel,10,48.046,3.924,sp95,"Petrol 95 (SP95, E5)",2.299,EUR,L,2026-09-22T00:00:00,2026-09-30T06:24:29Z
2026-09-30,FR,10130001,,Ervy-le-Châtel,10,48.046,3.924,sp98,Petrol 98 (SP98),2.349,EUR,L,2026-09-22T00:00:00,2026-09-30T06:24:29Z
2026-09-30,FR,10130004,,AUXON,10,48.11,3.921,diesel,Diesel,2.449,EUR,L,2026-09-28T16:35:38,2026-09-30T06:24:30Z
2026-09-30,FR,10130004,,AUXON,10,48.11,3.921,e10,Petrol 95 (SP95-E10),2.299,EUR,L,2026-09-28T16:35:38,2026-09-30T06:24:30Z
2026-09-30,FR,10130004,,AUXON,10,48.11,3.921,e85,E85 (superethanol),0.869,EUR,L,2026-09-28T16:35:38,2026-09-30T06:24:30Z
2026-09-30,FR,10130004,,AUXON,10,48.11,3.921,sp98,Petrol 98 (SP98),2.349,EUR,L,2026-09-28T16:35:38,2026-09-30T06:24:30Z
2026-09-30,FR,10140001,,VENDEUVRE-SUR-BARSE,10,48.237,4.467,diesel,Diesel,2.499,EUR,L,2026-09-22T00:00:00,2026-09-30T06:24:14Z
2026-09-30,FR,10140001,,VENDEUVRE-SUR-BARSE,10,48.237,4.467,sp95,"Petrol 95 (SP95, E5)",2.299,EUR,L,2026-09-22T00:00:00,2026-09-30T06:24:14Z
2026-09-30,FR,10150001,,Pont-Sainte-Marie,10,48.312,4.097,diesel,Diesel,2.388,EUR,L,2026-09-29T11:11:00,2026-09-30T06:24:20Z
2026-09-30,FR,10150001,,Pont-Sainte-Marie,10,48.312,4.097,e10,Petrol 95 (SP95-E10),2.248,EUR,L,2026-09-29T11:11:00,2026-09-30T06:24:20Z
2026-09-30,FR,10150001,,Pont-Sainte-Marie,10,48.312,4.097,sp98,Petrol 98 (SP98),2.328,EUR,L,2026-09-29T11:11:00,2026-09-30T06:24:20Z
2026-09-30,FR,10150002,,PONT-SAINTE-MARIE,10,48.328,4.113,diesel,Diesel,2.379,EUR,L,2026-09-29T09:15:00,2026-09-30T06:24:18Z
2026-09-30,FR,10150002,,PONT-SAINTE-MARIE,10,48.328,4.113,e10,Petrol 95 (SP95-E10),2.239,EUR,L,2026-09-28T09:48:41,2026-09-30T06:24:18Z
2026-09-30,FR,10150002,,PONT-SAINTE-MARIE,10,48.328,4.113,e85,E85 (superethanol),0.869,EUR,L,2026-09-28T09:48:40,2026-09-30T06:24:18Z
2026-09-30,FR,10150002,,PONT-SAINTE-MARIE,10,48.328,4.113,sp95,"Petrol 95 (SP95, E5)",2.269,EUR,L,2026-09-28T09:48:40,2026-09-30T06:24:18Z
2026-09-30,FR,10150002,,PONT-SAINTE-MARIE,10,48.328,4.113,sp98,Petrol 98 (SP98),2.319,EUR,L,2026-09-28T09:48:41,2026-09-30T06:24:18Z
2026-09-30,FR,10150003,,Charmont-sous-Barbuise,10,48.411058,4.14348,diesel,Diesel,2.45,EUR,L,2026-09-29T14:00:00,2026-09-30T06:24:26Z
2026-09-30,FR,10150003,,Charmont-sous-Barbuise,10,48.411058,4.14348,e10,Petrol 95 (SP95-E10),2.261,EUR,L,2026-09-29T14:00:00,2026-09-30T06:24:26Z
2026-09-30,FR,10160001,,AIX-EN-OTHE,10,48.216,3.741,diesel,Diesel,2.419,EUR,L,2026-09-22T08:54:00,2026-09-30T06:24:10Z
2026-09-30,FR,10160001,,AIX-EN-OTHE,10,48.216,3.741,e10,Petrol 95 (SP95-E10),2.159,EUR,L,2026-09-22T08:54:00,2026-09-30T06:24:10Z
2026-09-30,FR,10160001,,AIX-EN-OTHE,10,48.216,3.741,sp98,Petrol 98 (SP98),2.259,EUR,L,2026-09-22T08:54:00,2026-09-30T06:24:10Z
2026-09-30,FR,10160002,,VULAINES,10,48.233432,3.626307,sp98,Petrol 98 (SP98),1.99,EUR,L,2026-09-28T16:39:29,2026-09-30T06:24:35Z
2026-09-30,FR,10170001,,MERY-SUR-SEINE,10,48.508021,3.878817,diesel,Diesel,2.449,EUR,L,2026-09-22T13:01:29,2026-09-30T06:24:11Z
2026-09-30,FR,10170001,,MERY-SUR-SEINE,10,48.508021,3.878817,e10,Petrol 95 (SP95-E10),2.199,EUR,L,2026-09-15T10:14:53,2026-09-30T06:24:12Z
2026-09-30,FR,10170001,,MERY-SUR-SEINE,10,48.508021,3.878817,e85,E85 (superethanol),0.859,EUR,L,2026-09-22T13:01:29,2026-09-30T06:24:11Z
2026-09-30,FR,10170001,,MERY-SUR-SEINE,10,48.508021,3.878817,sp98,Petrol 98 (SP98),2.325,EUR,L,2026-09-15T10:14:53,2026-09-30T06:24:12Z
2026-09-30,FR,10180001,,SAINT-LYE,10,48.367,3.997,diesel,Diesel,2.395,EUR,L,2026-09-25T08:06:08,2026-09-30T06:24:20Z
2026-09-30,FR,10180001,,SAINT-LYE,10,48.367,3.997,e10,Petrol 95 (SP95-E10),2.149,EUR,L,2026-09-25T08:06:08,2026-09-30T06:24:20Z
2026-09-30,FR,10180001,,SAINT-LYE,10,48.367,3.997,e85,E85 (superethanol),0.858,EUR,L,2026-09-25T08:06:08,2026-09-30T06:24:20Z
2026-09-30,FR,10180001,,SAINT-LYE,10,48.367,3.997,sp98,Petrol 98 (SP98),2.259,EUR,L,2026-09-25T08:06:08,2026-09-30T06:24:20Z
2026-09-30,FR,10190001,,ESTISSAC,10,48.274,3.804,diesel,Diesel,2.499,EUR,L,2026-09-22T00:00:00,2026-09-30T06:24:11Z
2026-09-30,FR,10190001,,ESTISSAC,10,48.274,3.804,sp95,"Petrol 95 (SP95, E5)",2.299,EUR,L,2026-09-22T00:00:00,2026-09-30T06:24:11Z
2026-09-30,FR,10200002,,Bar-sur-Aube,10,48.238,4.701,diesel,Diesel,2.429,EUR,L,2026-09-28T08:44:11,2026-09-30T06:24:10Z
2026-09-30,FR,10200002,,Bar-sur-Aube,10,48.238,4.701,e10,Petrol 95 (SP95-E10),2.249,EUR,L,2026-09-28T08:44:11,2026-09-30T06:24:10Z
2026-09-30,FR,10200002,,Bar-sur-Aube,10,48.238,4.701,e85,E85 (superethanol),0.879,EUR,L,2026-09-28T08:44:11,2026-09-30T06:24:10Z
2026-09-30,FR,10200004,,Bar-sur-Aube,10,48.229,4.717,diesel,Diesel,2.499,EUR,L,2026-09-22T00:00:00,2026-09-30T06:24:19Z
2026-09-30,FR,10200004,,Bar-sur-Aube,10,48.229,4.717,e85,E85 (superethanol),0.949,EUR,L,2026-09-22T00:00:00,2026-09-30T06:24:19Z
2026-09-30,FR,10200004,,Bar-sur-Aube,10,48.229,4.717,sp95,"Petrol 95 (SP95, E5)",2.299,EUR,L,2026-09-22T00:00:00,2026-09-30T06:24:19Z
2026-09-30,FR,10200006,,Bar-sur-Aube,10,48.226362,4.712807,diesel,Diesel,2.429,EUR,L,2026-09-25T10:07:26,2026-09-30T06:24:34Z
2026-09-30,FR,10200006,,Bar-sur-Aube,10,48.226362,4.712807,sp95,"Petrol 95 (SP95, E5)",2.249,EUR,L,2026-09-29T08:58:39,2026-09-30T06:24:34Z
2026-09-30,FR,10200006,,Bar-sur-Aube,10,48.226362,4.712807,sp98,Petrol 98 (SP98),2.499,EUR,L,2026-09-18T11:55:19,2026-09-30T06:24:34Z
2026-09-30,FR,10210001,,CHAOURCE,10,48.066,4.141,diesel,Diesel,2.399,EUR,L,2026-09-28T09:00:04,2026-09-30T06:24:14Z
2026-09-30,FR,10210001,,CHAOURCE,10,48.066,4.141,sp95,"Petrol 95 (SP95, E5)",2.279,EUR,L,2026-09-18T18:05:10,2026-09-30T06:24:14Z
2026-09-30,FR,10210001,,CHAOURCE,10,48.066,4.141,sp98,Petrol 98 (SP98),2.299,EUR,L,2026-09-17T14:32:33,2026-09-30T06:24:14Z
2026-09-30,FR,10210002,,CHAOURCE,10,48.059,4.141,diesel,Diesel,2.449,EUR,L,2026-09-25T06:08:51,2026-09-30T06:24:25Z
2026-09-30,FR,10210002,,CHAOURCE,10,48.059,4.141,sp95,"Petrol 95 (SP95, E5)",2.359,EUR,L,2026-09-25T06:08:51,2026-09-30T06:24:25Z
2026-09-30,FR,10210002,,CHAOURCE,10,48.059,4.141,sp98,Petrol 98 (SP98),2.339,EUR,L,2026-09-25T06:08:51,2026-09-30T06:24:25Z
2026-09-30,FR,10230001,,MAILLY-LE-CAMP,10,48.668,4.192,diesel,Diesel,2.499,EUR,L,2026-09-22T00:00:00,2026-09-30T06:24:11Z
2026-09-30,FR,10230001,,MAILLY-LE-CAMP,10,48.668,4.192,sp95,"Petrol 95 (SP95, E5)",2.299,EUR,L,2026-09-22T00:00:00,2026-09-30T06:24:11Z
2026-09-30,FR,10230001,,MAILLY-LE-CAMP,10,48.668,4.192,sp98,Petrol 98 (SP98),2.349,EUR,L,2026-09-22T00:00:00,2026-09-30T06:24:11Z
2026-09-30,FR,10230002,,Mailly-le-Camp,10,48.675,4.191,diesel,Diesel,2.249,EUR,L,2026-09-22T08:51:57,2026-09-30T06:24:26Z
2026-09-30,FR,10230002,,Mailly-le-Camp,10,48.675,4.191,sp95,"Petrol 95 (SP95, E5)",1.99,EUR,L,2026-09-22T08:51:57,2026-09-30T06:24:26Z
2026-09-30,FR,10250001,,Mussy-sur-Seine,10,47.983,4.496,diesel,Diesel,2.499,EUR,L,2026-09-22T08:00:00,2026-09-30T06:24:24Z
2026-09-30,FR,10250001,,Mussy-sur-Seine,10,47.983,4.496,sp95,"Petrol 95 (SP95, E5)",2.299,EUR,L,2026-09-22T08:00:00,2026-09-30T06:24:24Z
2026-09-30,FR,10250001,,Mussy-sur-Seine,10,47.983,4.496,sp98,Petrol 98 (SP98),2.349,EUR,L,2026-09-22T08:00:00,2026-09-30T06:24:24Z
2026-09-30,FR,10250002,,Mussy-sur-Seine,10,47.975,4.494,diesel,Diesel,2.531,EUR,L,2026-09-17T07:16:13,2026-09-30T06:24:32Z
2026-09-30,FR,10250002,,Mussy-sur-Seine,10,47.975,4.494,e85,E85 (superethanol),0.999,EUR,L,2026-09-17T07:16:13,2026-09-30T06:24:32Z
2026-09-30,FR,10250002,,Mussy-sur-Seine,10,47.975,4.494,sp95,"Petrol 95 (SP95, E5)",2.303,EUR,L,2026-09-17T07:16:13,2026-09-30T06:24:32Z
2026-09-30,FR,10260001,,FOUCHERES,10,48.15,4.262,diesel,Diesel,2.25,EUR,L,2026-09-29T16:36:40,2026-09-30T06:24:30Z
2026-09-30,FR,10260001,,FOUCHERES,10,48.15,4.262,e10,Petrol 95 (SP95-E10),1.99,EUR,L,2026-09-29T16:36:40,2026-09-30T06:24:30Z
2026-09-30,FR,10260001,,FOUCHERES,10,48.15,4.262,sp98,Petrol 98 (SP98),1.99,EUR,L,2026-09-29T16:36:40,2026-09-30T06:24:30Z
2026-09-30,FR,10260003,,VAUDES,10,48.181,4.189,diesel,Diesel,2.4,EUR,L,2026-09-24T09:55:40,2026-09-30T06:24:23Z
2026-09-30,FR,10260003,,VAUDES,10,48.181,4.189,sp95,"Petrol 95 (SP95, E5)",2.214,EUR,L,2026-09-24T09:55:40,2026-09-30T06:24:23Z
2026-09-30,FR,10260003,,VAUDES,10,48.181,4.189,sp98,Petrol 98 (SP98),2.272,EUR,L,2026-09-24T09:55:41,2026-09-30T06:24:23Z
2026-09-30,FR,10270006,,Fresnoy-le-Château,10,48.211,4.241,diesel,Diesel,2.25,EUR,L,2026-09-30T00:01:00,2026-09-30T06:24:27Z
2026-09-30,FR,10270006,,Fresnoy-le-Château,10,48.211,4.241,e10,Petrol 95 (SP95-E10),1.99,EUR,L,2026-09-30T00:01:00,2026-09-30T06:24:27Z
2026-09-30,FR,10270006,,Fresnoy-le-Château,10,48.211,4.241,e85,E85 (superethanol),0.999,EUR,L,2026-09-30T00:01:00,2026-09-30T06:24:27Z
2026-09-30,FR,10270006,,Fresnoy-le-Château,10,48.211,4.241,gpl,LPG,1.099,EUR,L,2026-09-30T00:01:00,2026-09-30T06:24:27Z
2026-09-30,FR,10270006,,Fresnoy-le-Château,10,48.211,4.241,sp98,Petrol 98 (SP98),1.99,EUR,L,2026-09-30T00:01:00,2026-09-30T06:24:27Z
2026-09-30,FR,10270007,,Fresnoy-le-Château,10,48.214156,4.240981,diesel,Diesel,2.25,EUR,L,2026-09-30T00:01:00,2026-09-30T06:24:18Z
2026-09-30,FR,10270007,,Fresnoy-le-Château,10,48.214156,4.240981,e10,Petrol 95 (SP95-E10),1.99,EUR,L,2026-09-30T00:01:00,2026-09-30T06:24:18Z
2026-09-30,FR,10270007,,Fresnoy-le-Château,10,48.214156,4.240981,e85,E85 (superethanol),0.999,EUR,L,2026-09-30T00:01:00,2026-09-30T06:24:18Z
2026-09-30,FR,10270007,,Fresnoy-le-Château,10,48.214156,4.240981,sp98,Petrol 98 (SP98),1.99,EUR,L,2026-09-30T00:01:00,2026-09-30T06:24:18Z
2026-09-30,FR,10270009,,Lusigny-sur-Barse,10,48.261975,4.249441,diesel,Diesel,2.379,EUR,L,2026-09-30T07:41:46,2026-09-30T06:24:30Z
2026-09-30,FR,10270009,,Lusigny-sur-Barse,10,48.261975,4.249441,e10,Petrol 95 (SP95-E10),2.239,EUR,L,2026-09-30T07:41:46,2026-09-30T06:24:30Z
2026-09-30,FR,10270009,,Lusigny-sur-Barse,10,48.261975,4.249441,e85,E85 (superethanol),0.879,EUR,L,2026-09-30T07:41:46,2026-09-30T06:24:30Z
2026-09-30,FR,10270009,,Lusigny-sur-Barse,10,48.261975,4.249441,sp98,Petrol 98 (SP98),2.319,EUR,L,2026-09-30T07:41:46,2026-09-30T06:24:30Z
2026-09-30,FR,10270010,,Lusigny-sur-Barse,10,48.25347,4.261199,diesel,Diesel,2.433,EUR,L,2026-09-19T13:06:32,2026-09-30T06:24:33Z
2026-09-30,FR,10270010,,Lusigny-sur-Barse,10,48.25347,4.261199,sp95,"Petrol 95 (SP95, E5)",2.23,EUR,L,2026-09-10T14:28:55,2026-09-30T06:24:33Z
2026-09-30,FR,10270010,,Lusigny-sur-Barse,10,48.25347,4.261199,sp98,Petrol 98 (SP98),2.291,EUR,L,2026-09-10T14:28:55,2026-09-30T06:24:33Z
2026-09-30,FR,10300002,,Sainte-Savine,10,48.293,4.043,diesel,Diesel,2.434,EUR,L,2026-09-25T07:31:00,2026-09-30T06:24:19Z
2026-09-30,FR,10300002,,Sainte-Savine,10,48.293,4.043,e10,Petrol 95 (SP95-E10),2.184,EUR,L,2026-09-25T07:31:00,2026-09-30T06:24:19Z
2026-09-30,FR,10300002,,Sainte-Savine,10,48.293,4.043,sp98,Petrol 98 (SP98),2.314,EUR,L,2026-09-25T07:31:00,2026-09-30T06:24:19Z
2026-09-30,FR,10300005,,Sainte-Savine,10,48.292,4.037,diesel,Diesel,2.25,EUR,L,2026-09-30T07:30:52,2026-09-30T06:24:35Z
2026-09-30,FR,10300005,,Sainte-Savine,10,48.292,4.037,e10,Petrol 95 (SP95-E10),1.99,EUR,L,2026-09-30T07:30:52,2026-09-30T06:24:35Z
2026-09-30,FR,10300005,,Sainte-Savine,10,48.292,4.037,e85,E85 (superethanol),0.869,EUR,L,2026-09-30T07:30:52,2026-09-30T06:24:35Z
2026-09-30,FR,10300005,,Sainte-Savine,10,48.292,4.037,gpl,LPG,0.995,EUR,L,2026-09-30T07:30:52,2026-09-30T06:24:35Z
2026-09-30,FR,10300005,,Sainte-Savine,10,48.292,4.037,sp98,Petrol 98 (SP98),1.99,EUR,L,2026-09-30T07:30:52,2026-09-30T06:24:35Z
2026-09-30,FR,10340001,,Les Riceys,10,47.99651,4.36718,diesel,Diesel,2.499,EUR,L,2026-09-21T17:34:10,2026-09-30T06:24:08Z
2026-09-30,FR,10340001,,Les Riceys,10,47.99651,4.36718,sp95,"Petrol 95 (SP95, E5)",2.299,EUR,L,2026-09-14T17:54:02,2026-09-30T06:24:08Z
2026-09-30,FR,10340001,,Les Riceys,10,47.99651,4.36718,sp98,Petrol 98 (SP98),2.349,EUR,L,2026-09-14T17:54:02,2026-09-30T06:24:08Z
2026-09-30,FR,10350001,,Marigny-le-Châtel,10,48.406,3.738,diesel,Diesel,2.407,EUR,L,2026-09-29T14:35:06,2026-09-30T06:24:17Z
2026-09-30,FR,10350001,,Marigny-le-Châtel,10,48.406,3.738,e10,Petrol 95 (SP95-E10),2.137,EUR,L,2026-09-29T14:35:06,2026-09-30T06:24:17Z
2026-09-30,FR,10350001,,Marigny-le-Châtel,10,48.406,3.738,e85,E85 (superethanol),0.869,EUR,L,2026-09-29T14:35:06,2026-09-30T06:24:17Z
2026-09-30,FR,10350001,,Marigny-le-Châtel,10,48.406,3.738,sp98,Petrol 98 (SP98),2.249,EUR,L,2026-09-29T14:35:06,2026-09-30T06:24:17Z
2026-09-30,FR,10360001,,essoyes,10,48.06064,4.538033,diesel,Diesel,2.499,EUR,L,2026-09-22T13:35:19,2026-09-30T06:24:09Z
2026-09-30,FR,10360001,,essoyes,10,48.06064,4.538033,sp95,"Petrol 95 (SP95, E5)",2.299,EUR,L,2026-09-22T13:35:19,2026-09-30T06:24:09Z
2026-09-30,FR,10360001,,essoyes,10,48.06064,4.538033,sp98,Petrol 98 (SP98),2.349,EUR,L,2026-09-22T13:35:19,2026-09-30T06:24:09Z
2026-09-30,FR,10370001,,VILLENAUXE-LA-GRANDE,10,48.585,3.561,diesel,Diesel,2.449,EUR,L,2026-09-28T07:49:50,2026-09-30T06:24:17Z
2026-09-30,FR,10370001,,VILLENAUXE-LA-GRANDE,10,48.585,3.561,e10,Petrol 95 (SP95-E10),2.209,EUR,L,2026-09-28T07:49:50,2026-09-30T06:24:17Z
2026-09-30,FR,10370001,,VILLENAUXE-LA-GRANDE,10,48.585,3.561,sp95,"Petrol 95 (SP95, E5)",2.269,EUR,L,2026-09-28T07:49:50,2026-09-30T06:24:17Z
2026-09-30,FR,10400002,,NOGENT-SUR-SEINE,10,48.492408,3.512886,diesel,Diesel,2.43,EUR,L,2026-09-22T10:12:24,2026-09-30T06:24:15Z
2026-09-30,FR,10400002,,NOGENT-SUR-SEINE,10,48.492408,3.512886,sp95,"Petrol 95 (SP95, E5)",2.227,EUR,L,2026-09-29T09:13:24,2026-09-30T06:24:15Z
2026-09-30,FR,10400002,,NOGENT-SUR-SEINE,10,48.492408,3.512886,sp98,Petrol 98 (SP98),2.287,EUR,L,2026-09-29T09:13:24,2026-09-30T06:24:15Z
2026-09-30,FR,10400003,,Nogent-sur-Seine,10,48.48593,3.49118,diesel,Diesel,2.403,EUR,L,2026-09-29T07:58:57,2026-09-30T06:24:11Z
2026-09-30,FR,10400003,,Nogent-sur-Seine,10,48.48593,3.49118,e10,Petrol 95 (SP95-E10),2.161,EUR,L,2026-09-29T07:58:57,2026-09-30T06:24:11Z
2026-09-30,FR,10400003,,Nogent-sur-Seine,10,48.48593,3.49118,sp95,"Petrol 95 (SP95, E5)",2.227,EUR,L,2026-09-29T07:58:57,2026-09-30T06:24:11Z
2026-09-30,FR,10400003,,Nogent-sur-Seine,10,48.48593,3.49118,sp98,Petrol 98 (SP98),2.287,EUR,L,2026-09-29T07:58:57,2026-09-30T06:24:11Z
2026-09-30,FR,10400007,,TRAINEL,10,48.410008,3.434652,diesel,Diesel,2.389,EUR,L,2026-09-23T11:53:49,2026-09-30T06:24:15Z
2026-09-30,FR,10400007,,TRAINEL,10,48.410008,3.434652,e10,Petrol 95 (SP95-E10),2.187,EUR,L,2026-09-23T11:53:49,2026-09-30T06:24:15Z
2026-09-30,FR,10400007,,TRAINEL,10,48.410008,3.434652,e85,E85 (superethanol),0.905,EUR,L,2026-09-23T11:53:49,2026-09-30T06:24:15Z
2026-09-30,FR,10400007,,TRAINEL,10,48.410008,3.434652,sp98,Petrol 98 (SP98),2.285,EUR,L,2026-09-23T11:53:49,2026-09-30T06:24:15Z
2026-09-30,FR,10410003,,SAINT PARRES AUX TERTRES,10,48.297951,4.133636,diesel,Diesel,2.379,EUR,L,2026-09-30T07:41:03,2026-09-30T06:24:30Z
2026-09-30,FR,10410003,,SAINT PARRES AUX TERTRES,10,48.297951,4.133636,e10,Petrol 95 (SP95-E10),2.239,EUR,L,2026-09-30T07:41:03,2026-09-30T06:24:30Z
2026-09-30,FR,10410003,,SAINT PARRES AUX TERTRES,10,48.297951,4.133636,e85,E85 (superethanol),0.879,EUR,L,2026-09-30T07:41:03,2026-09-30T06:24:30Z
2026-09-30,FR,10410003,,SAINT PARRES AUX TERTRES,10,48.297951,4.133636,gpl,LPG,0.999,EUR,L,2026-09-30T07:41:03,2026-09-30T06:24:30Z
2026-09-30,FR,10410003,,SAINT PARRES AUX TERTRES,10,48.297951,4.133636,sp95,"Petrol 95 (SP95, E5)",2.269,EUR,L,2026-09-30T07:41:03,2026-09-30T06:24:30Z
2026-09-30,FR,10410003,,SAINT PARRES AUX TERTRES,10,48.297951,4.133636,sp98,Petrol 98 (SP98),2.319,EUR,L,2026-09-30T07:41:04,2026-09-30T06:24:30Z
2026-09-30,FR,10430003,,Rosières,10,48.266508,4.061173,diesel,Diesel,2.379,EUR,L,2026-09-30T07:42:40,2026-09-30T06:24:30Z
2026-09-30,FR,10430003,,Rosières,10,48.266508,4.061173,e10,Petrol 95 (SP95-E10),2.239,EUR,L,2026-09-30T07:42:40,2026-09-30T06:24:30Z
2026-09-30,FR,10430003,,Rosières,10,48.266508,4.061173,e85,E85 (superethanol),0.879,EUR,L,2026-09-30T07:42:40,2026-09-30T06:24:30Z
2026-09-30,FR,10430003,,Rosières,10,48.266508,4.061173,sp95,"Petrol 95 (SP95, E5)",2.269,EUR,L,2026-09-30T07:42:40,2026-09-30T06:24:30Z
2026-09-30,FR,10430003,,Rosières,10,48.266508,4.061173,sp98,Petrol 98 (SP98),2.319,EUR,L,2026-09-30T07:42:40,2026-09-30T06:24:30Z
2026-09-30,FR,10430005,,ROSIERES PRES TROYES,10,48.264,4.038,diesel,Diesel,2.44,EUR,L,2026-09-24T13:28:26,2026-09-30T06:24:23Z
2026-09-30,FR,10430005,,ROSIERES PRES TROYES,10,48.264,4.038,e10,Petrol 95 (SP95-E10),2.23,EUR,L,2026-09-29T11:17:14,2026-09-30T06:24:23Z
2026-09-30,FR,10430005,,ROSIERES PRES TROYES,10,48.264,4.038,gpl,LPG,0.999,EUR,L,2026-09-28T11:15:15,2026-09-30T06:24:23Z
2026-09-30,FR,10430005,,ROSIERES PRES TROYES,10,48.264,4.038,sp98,Petrol 98 (SP98),2.33,EUR,L,2026-09-29T11:17:14,2026-09-30T06:24:23Z
2026-09-30,FR,10500001,,LESMONT,10,48.428,4.421,diesel,Diesel,2.25,EUR,L,2026-09-29T18:50:33,2026-09-30T06:24:14Z
2026-09-30,FR,10500001,,LESMONT,10,48.428,4.421,e10,Petrol 95 (SP95-E10),1.99,EUR,L,2026-09-29T18:50:33,2026-09-30T06:24:14Z
2026-09-30,FR,10500001,,LESMONT,10,48.428,4.421,sp98,Petrol 98 (SP98),1.99,EUR,L,2026-09-29T18:50:33,2026-09-30T06:24:14Z
2026-09-30,FR,10500002,,Brienne-le-Château,10,48.399,4.518,diesel,Diesel,2.353,EUR,L,2026-09-24T08:58:11,2026-09-30T06:24:09Z
2026-09-30,FR,10500002,,Brienne-le-Château,10,48.399,4.518,e10,Petrol 95 (SP95-E10),2.18,EUR,L,2026-09-24T08:58:11,2026-09-30T06:24:09Z
2026-09-30,FR,10500002,,Brienne-le-Château,10,48.399,4.518,e85,E85 (superethanol),0.859,EUR,L,2026-09-18T08:38:52,2026-09-30T06:24:09Z
2026-09-30,FR,10500002,,Brienne-le-Château,10,48.399,4.518,sp98,Petrol 98 (SP98),2.301,EUR,L,2026-09-24T08:58:11,2026-09-30T06:24:09Z
2026-09-30,FR,10500005,,Brienne-le-Château,10,48.396517,4.528256,diesel,Diesel,2.429,EUR,L,2026-09-25T08:12:57,2026-09-30T06:24:28Z
2026-09-30,FR,10500005,,Brienne-le-Château,10,48.396517,4.528256,e10,Petrol 95 (SP95-E10),2.249,EUR,L,2026-09-28T09:02:16,2026-09-30T06:24:28Z
2026-09-30,FR,10500005,,Brienne-le-Château,10,48.396517,4.528256,sp95,"Petrol 95 (SP95, E5)",2.269,EUR,L,2026-09-28T09:02:15,2026-09-30T06:24:28Z
2026-09-30,FR,10600002,,Sainte-Savine,10,48.305,4.027,diesel,Diesel,2.399,EUR,L,2026-09-29T10:48:47,2026-09-30T06:24:13Z
2026-09-30,FR,10600002,,Sainte-Savine,10,48.305,4.027,e10,Petrol 95 (SP95-E10),2.199,EUR,L,2026-09-29T10:48:48,2026-09-30T06:24:13Z
2026-09-30,FR,10600002,,Sainte-Savine,10,48.305,4.027,gpl,LPG,0.999,EUR,L,2026-09-29T10:48:48,2026-09-30T06:24:13Z
2026-09-30,FR,10600002,,Sainte-Savine,10,48.305,4.027,sp95,"Petrol 95 (SP95, E5)",2.249,EUR,L,2026-09-29T10:48:47,2026-09-30T06:24:13Z
2026-09-30,FR,10600002,,Sainte-Savine,10,48.305,4.027,sp98,Petrol 98 (SP98),2.309,EUR,L,2026-09-29T10:48:48,2026-09-30T06:24:13Z
2026-09-30,FR,10600005,,La Chapelle-Saint-Luc,10,48.304,4.032,diesel,Diesel,2.44,EUR,L,2026-09-28T21:37:00,2026-09-30T06:24:27Z
2026-09-30,FR,10600005,,La Chapelle-Saint-Luc,10,48.304,4.032,e10,Petrol 95 (SP95-E10),2.22,EUR,L,2026-09-28T21:37:00,2026-09-30T06:24:27Z
2026-09-30,FR,10600005,,La Chapelle-Saint-Luc,10,48.304,4.032,sp98,Petrol 98 (SP98),2.39,EUR,L,2026-09-28T21:37:00,2026-09-30T06:24:27Z
2026-09-30,FR,10600009,,BARBEREY,10,48.336,4.018,e85,E85 (superethanol),0.868,EUR,L,2026-09-30T00:01:00,2026-09-30T06:24:34Z
2026-09-30,FR,10600012,,BARBEREY ST SULPICE,10,48.333095,4.023111,diesel,Diesel,2.409,EUR,L,2026-09-29T10:48:33,2026-09-30T06:24:34Z
2026-09-30,FR,10600012,,BARBEREY ST SULPICE,10,48.333095,4.023111,e10,Petrol 95 (SP95-E10),2.189,EUR,L,2026-09-29T10:09:08,2026-09-30T06:24:34Z
2026-09-30,FR,10600012,,BARBEREY ST SULPICE,10,48.333095,4.023111,e85,E85 (superethanol),0.868,EUR,L,2026-09-29T10:09:08,2026-09-30T06:24:34Z
2026-09-30,FR,10600012,,BARBEREY ST SULPICE,10,48.333095,4.023111,gpl,LPG,0.999,EUR,L,2026-09-29T10:09:08,2026-09-30T06:24:34Z
2026-09-30,FR,10700001,,ARCIS-SUR-AUBE,10,48.536,4.145,diesel,Diesel,2.25,EUR,L,2026-09-29T09:12:29,2026-09-30T06:24:22Z
2026-09-30,FR,10700001,,ARCIS-SUR-AUBE,10,48.536,4.145,e10,Petrol 95 (SP95-E10),1.99,EUR,L,2026-09-29T09:12:29,2026-09-30T06:24:22Z
2026-09-30,FR,10700001,,ARCIS-SUR-AUBE,10,48.536,4.145,sp98,Petrol 98 (SP98),1.99,EUR,L,2026-09-29T09:12:29,2026-09-30T06:24:22Z
2026-09-30,FR,10700002,,ARCIS-SUR-AUBE,10,48.534,4.156,diesel,Diesel,2.399,EUR,L,2026-09-24T17:00:18,2026-09-30T06:24:10Z
2026-09-30,FR,10700002,,ARCIS-SUR-AUBE,10,48.534,4.156,e10,Petrol 95 (SP95-E10),2.139,EUR,L,2026-09-22T09:45:55,2026-09-30T06:24:10Z
2026-09-30,FR,10700002,,ARCIS-SUR-AUBE,10,48.534,4.156,e85,E85 (superethanol),0.929,EUR,L,2026-09-14T08:40:36,2026-09-30T06:24:10Z
2026-09-30,FR,10700002,,ARCIS-SUR-AUBE,10,48.534,4.156,sp98,Petrol 98 (SP98),2.229,EUR,L,2026-09-22T09:45:55,2026-09-30T06:24:10Z
2026-09-30,FR,10700003,,Arcis-sur-Aube,10,48.535,4.13,diesel,Diesel,2.395,EUR,L,2026-09-23T07:57:09,2026-09-30T06:24:34Z
2026-09-30,FR,10700003,,Arcis-sur-Aube,10,48.535,4.13,e10,Petrol 95 (SP95-E10),2.155,EUR,L,2026-09-23T07:57:09,2026-09-30T06:24:34Z
2026-09-30,FR,10700003,,Arcis-sur-Aube,10,48.535,4.13,sp98,Petrol 98 (SP98),2.375,EUR,L,2026-09-16T09:35:34,2026-09-30T06:24:34Z
2026-09-30,FR,10800002,,SAINT-JULIEN-LES-VILLAS,10,48.281,4.095,diesel,Diesel,2.369,EUR,L,2026-09-24T07:33:04,2026-09-30T06:24:31Z
2026-09-30,FR,10800002,,SAINT-JULIEN-LES-VILLAS,10,48.281,4.095,e10,Petrol 95 (SP95-E10),2.125,EUR,L,2026-09-24T07:33:04,2026-09-30T06:24:31Z
2026-09-30,FR,10800002,,SAINT-JULIEN-LES-VILLAS,10,48.281,4.095,e85,E85 (superethanol),0.869,EUR,L,2026-09-29T06:20:15,2026-09-30T06:24:31Z
2026-09-30,FR,10800002,,SAINT-JULIEN-LES-VILLAS,10,48.281,4.095,sp98,Petrol 98 (SP98),2.249,EUR,L,2026-09-24T07:33:04,2026-09-30T06:24:31Z
2026-09-30,FR,10800003,,Saint-Julien-les-Villas,10,48.268,4.089,diesel,Diesel,2.385,EUR,L,2026-09-25T08:38:41,2026-09-30T06:24:14Z
2026-09-30,FR,10800003,,Saint-Julien-les-Villas,10,48.268,4.089,e10,Petrol 95 (SP95-E10),2.125,EUR,L,2026-09-25T08:38:41,2026-09-30T06:24:14Z
2026-09-30,FR,10800003,,Saint-Julien-les-Villas,10,48.268,4.089,sp95,"Petrol 95 (SP95, E5)",2.189,EUR,L,2026-09-25T08:38:41,2026-09-30T06:24:14Z
2026-09-30,FR,10800003,,Saint-Julien-les-Villas,10,48.268,4.089,sp98,Petrol 98 (SP98),2.259,EUR,L,2026-09-25T08:38:42,2026-09-30T06:24:14Z
2026-09-30,FR,10800006,,Buchères,10,48.237,4.109,diesel,Diesel,2.469,EUR,L,2026-09-24T10:56:02,2026-09-30T06:24:11Z
2026-09-30,FR,10800006,,Buchères,10,48.237,4.109,e10,Petrol 95 (SP95-E10),2.229,EUR,L,2026-09-24T10:56:02,2026-09-30T06:24:11Z
2026-09-30,FR,10800006,,Buchères,10,48.237,4.109,sp98,Petrol 98 (SP98),2.349,EUR,L,2026-09-24T10:56:02,2026-09-30T06:24:11Z
2026-09-30,FR,10800007,,Saint-Julien-les-Villas,10,48.268,4.088,diesel,Diesel,2.385,EUR,L,2026-09-25T08:42:43,2026-09-30T06:24:19Z
2026-09-30,FR,10800007,,Saint-Julien-les-Villas,10,48.268,4.088,e10,Petrol 95 (SP95-E10),2.125,EUR,L,2026-09-25T08:42:43,2026-09-30T06:24:19Z
2026-09-30,FR,10800007,,Saint-Julien-les-Villas,10,48.268,4.088,e85,E85 (superethanol),0.869,EUR,L,2026-09-28T11:06:00,2026-09-30T06:24:19Z
2026-09-30,FR,10800007,,Saint-Julien-les-Villas,10,48.268,4.088,sp98,Petrol 98 (SP98),2.259,EUR,L,2026-09-25T08:42:44,2026-09-30T06:24:19Z
2026-09-30,FR,1090001,,MONTCEAUX,01,46.096,4.775,diesel,Diesel,2.399,EUR,L,2026-09-25T09:48:47,2026-09-30T06:24:29Z
2026-09-30,FR,1090001,,MONTCEAUX,01,46.096,4.775,e10,Petrol 95 (SP95-E10),2.169,EUR,L,2026-09-25T09:48:47,2026-09-30T06:24:29Z
2026-09-30,FR,1090001,,MONTCEAUX,01,46.096,4.775,e85,E85 (superethanol),0.869,EUR,L,2026-09-26T09:25:16,2026-09-30T06:24:29Z
2026-09-30,FR,1090001,,MONTCEAUX,01,46.096,4.775,sp98,Petrol 98 (SP98),2.269,EUR,L,2026-09-25T09:48:47,2026-09-30T06:24:29Z
2026-09-30,FR,11000003,,Carcassonne,11,43.207,2.386,diesel,Diesel,2.25,EUR,L,2026-09-30T07:42:46,2026-09-30T06:24:33Z
2026-09-30,FR,11000003,,Carcassonne,11,43.207,2.386,e10,Petrol 95 (SP95-E10),1.99,EUR,L,2026-09-29T09:24:43,2026-09-30T06:24:19Z
2026-09-30,FR,11000005,,Carcassonne,11,43.211,2.345,diesel,Diesel,2.407,EUR,L,2026-09-29T11:10:00,2026-09-30T06:24:20Z
2026-09-30,FR,11000005,,Carcassonne,11,43.211,2.345,e10,Petrol 95 (SP95-E10),2.203,EUR,L,2026-09-29T11:10:00,2026-09-30T06:24:20Z
2026-09-30,FR,11000005,,Carcassonne,11,43.211,2.345,sp98,Petrol 98 (SP98),2.283,EUR,L,2026-09-29T11:10:00,2026-09-30T06:24:20Z
2026-09-30,FR,11000007,,Carcassonne,11,43.225,2.329,diesel,Diesel,2.398,EUR,L,2026-09-30T01:18:00,2026-09-30T06:24:14Z
2026-09-30,FR,11000007,,Carcassonne,11,43.225,2.329,e10,Petrol 95 (SP95-E10),2.194,EUR,L,2026-09-30T01:18:00,2026-09-30T06:24:14Z
2026-09-30,FR,11000007,,Carcassonne,11,43.225,2.329,sp95,"Petrol 95 (SP95, E5)",2.275,EUR,L,2026-09-30T01:18:00,2026-09-30T06:24:14Z
2026-09-30,FR,11000007,,Carcassonne,11,43.225,2.329,sp98,Petrol 98 (SP98),2.295,EUR,L,2026-09-30T01:18:00,2026-09-30T06:24:14Z
2026-09-30,FR,11000009,,Carcassonne,11,43.212,2.325,diesel,Diesel,2.429,EUR,L,2026-09-25T07:23:38,2026-09-30T06:24:29Z
2026-09-30,FR,11000009,,Carcassonne,11,43.212,2.325,e10,Petrol 95 (SP95-E10),2.219,EUR,L,2026-09-25T07:23:38,2026-09-30T06:24:29Z
2026-09-30,FR,11000009,,Carcassonne,11,43.212,2.325,sp98,Petrol 98 (SP98),2.349,EUR,L,2026-09-25T07:23:39,2026-09-30T06:24:29Z
2026-09-30,FR,11000012,,Carcassonne,11,43.216,2.355,diesel,Diesel,2.49,EUR,L,2026-09-14T10:53:49,2026-09-30T06:24:18Z
2026-09-30,FR,11000012,,Carcassonne,11,43.216,2.355,e85,E85 (superethanol),1.19,EUR,L,2026-09-14T10:53:49,2026-09-30T06:24:18Z
2026-09-30,FR,11000012,,Carcassonne,11,43.216,2.355,sp95,"Petrol 95 (SP95, E5)",2.35,EUR,L,2026-09-14T10:53:49,2026-09-30T06:24:18Z
2026-09-30,FR,11000012,,Carcassonne,11,43.216,2.355,sp98,Petrol 98 (SP98),2.39,EUR,L,2026-09-14T10:53:49,2026-09-30T06:24:18Z
2026-09-30,FR,11000013,,Narbonne,11,43.182056,3.015354,diesel,Diesel,2.369,EUR,L,2026-09-29T09:34:53,2026-09-30T06:24:12Z
2026-09-30,FR,11000013,,Narbonne,11,43.182056,3.015354,e10,Petrol 95 (SP95-E10),2.178,EUR,L,2026-09-29T09:34:53,2026-09-30T06:24:12Z
2026-09-30,FR,11000013,,Narbonne,11,43.182056,3.015354,e85,E85 (superethanol),0.869,EUR,L,2026-09-28T09:20:59,2026-09-30T06:24:12Z
2026-09-30,FR,11000013,,Narbonne,11,43.182056,3.015354,sp98,Petrol 98 (SP98),2.299,EUR,L,2026-09-29T09:34:53,2026-09-30T06:24:12Z
2026-09-30,FR,11000014,,CARCASSONNE,11,43.215,2.345,diesel,Diesel,2.449,EUR,L,2026-09-29T14:00:00,2026-09-30T06:24:18Z
2026-09-30,FR,11000014,,CARCASSONNE,11,43.215,2.345,e10,Petrol 95 (SP95-E10),2.269,EUR,L,2026-09-29T14:00:00,2026-09-30T06:24:18Z
2026-09-30,FR,11000014,,CARCASSONNE,11,43.215,2.345,e85,E85 (superethanol),0.969,EUR,L,2026-09-29T14:00:00,2026-09-30T06:24:18Z
2026-09-30,FR,11000014,,CARCASSONNE,11,43.215,2.345,sp98,Petrol 98 (SP98),2.429,EUR,L,2026-09-29T14:00:00,2026-09-30T06:24:18Z
2026-09-30,FR,11000015,,CARCASSONNE,11,43.197,2.323,diesel,Diesel,2.25,EUR,L,2026-09-30T00:01:00,2026-09-30T06:24:20Z
2026-09-30,FR,11000015,,CARCASSONNE,11,43.197,2.323,e10,Petrol 95 (SP95-E10),1.99,EUR,L,2026-09-30T00:01:00,2026-09-30T06:23:48Z
2026-09-30,FR,11000015,,CARCASSONNE,11,43.197,2.323,e85,E85 (superethanol),0.897,EUR,L,2026-09-30T00:01:00,2026-09-30T06:24:20Z
2026-09-30,FR,11000015,,CARCASSONNE,11,43.197,2.323,gpl,LPG,1.009,EUR,L,2026-09-30T00:01:00,2026-09-30T06:24:20Z
2026-09-30,FR,11000016,,CARCASSONNE,11,43.236,2.369,diesel,Diesel,2.398,EUR,L,2026-09-19T12:27:07,2026-09-30T06:24:31Z
2026-09-30,FR,11000016,,CARCASSONNE,11,43.236,2.369,e10,Petrol 95 (SP95-E10),2.194,EUR,L,2026-09-26T20:05:00,2026-09-30T06:24:31Z
2026-09-30,FR,11000016,,CARCASSONNE,11,43.236,2.369,e85,E85 (superethanol),0.899,EUR,L,2026-07-10T11:14:00,2026-09-30T06:24:31Z
2026-09-30,FR,11000016,,CARCASSONNE,11,43.236,2.369,sp98,Petrol 98 (SP98),2.295,EUR,L,2026-09-17T11:40:19,2026-09-30T06:24:31Z
2026-09-30,FR,11000018,,Carcassonne,11,43.208,2.311,diesel,Diesel,2.398,EUR,L,2026-09-21T10:53:32,2026-09-30T06:24:31Z
2026-09-30,FR,11000018,,Carcassonne,11,43.208,2.311,e10,Petrol 95 (SP95-E10),2.194,EUR,L,2026-09-29T11:04:48,2026-09-30T06:24:31Z
2026-09-30,FR,11000018,,Carcassonne,11,43.208,2.311,gpl,LPG,1.009,EUR,L,2026-08-20T12:07:03,2026-09-30T06:24:31Z
2026-09-30,FR,11000018,,Carcassonne,11,43.208,2.311,sp95,"Petrol 95 (SP95, E5)",2.275,EUR,L,2026-09-17T10:50:52,2026-09-30T06:24:31Z
2026-09-30,FR,11000019,,Carcassonne,11,43.207,2.393,diesel,Diesel,2.398,EUR,L,2026-09-29T09:00:00,2026-09-30T06:24:32Z
2026-09-30,FR,11000019,,Carcassonne,11,43.207,2.393,e10,Petrol 95 (SP95-E10),2.217,EUR,L,2026-09-29T09:00:00,2026-09-30T06:24:32Z
2026-09-30,FR,11000019,,Carcassonne,11,43.207,2.393,e85,E85 (superethanol),0.899,EUR,L,2026-09-15T08:30:00,2026-09-30T06:24:32Z
2026-09-30,FR,11000019,,Carcassonne,11,43.207,2.393,sp98,Petrol 98 (SP98),2.295,EUR,L,2026-09-29T09:00:00,2026-09-30T06:24:32Z
2026-09-30,FR,1100002,,OYONNAX,01,46.25,5.644,diesel,Diesel,2.375,EUR,L,2026-09-29T10:10:46,2026-09-30T06:24:19Z
2026-09-30,FR,1100002,,OYONNAX,01,46.25,5.644,e10,Petrol 95 (SP95-E10),2.199,EUR,L,2026-09-29T10:11:16,2026-09-30T06:24:19Z
2026-09-30,FR,1100002,,OYONNAX,01,46.25,5.644,sp98,Petrol 98 (SP98),2.295,EUR,L,2026-09-29T10:11:16,2026-09-30T06:24:19Z
# SAMPLE of 300 of 1003640 rows; full file: https://www.fuel-prices.eu/research/data/d4-stations/fr/fp-d4-stations-fr-2026-09.zip
# Source: fuel-prices.eu (https://www.fuel-prices.eu/research/)
# Station-level prices from prix-carburants.gouv.fr. Licence of the source data: Licence Ouverte 2.0 (Etalab) (https://www.etalab.gouv.fr/licence-ouverte-open-licence).
# Date of the last update of the source data in this file: 2026-09-30T06:24:35Z (UTC).
# 152 implausible prices removed (source placeholders such as 8.888 or 0.01): below the price floor used on fuel-prices.eu (0.30 EUR/L; Italy 1.30 EUR/L; LPG/CNG/LNG 0.15) or outside 0.5x-2x the median of that day and fuel in this market (the D2 rule).
# Prices in EUR per litre (CNG/LNG per kg), as published at the station. Version 2026-10.1.
