scope,week,euro95_eur_l,diesel_eur_l
EURO_AREA,2025-09-29,1.67355,1.56774
EURO_AREA,2025-10-06,1.6708,1.56556
EURO_AREA,2025-10-13,1.66728,1.5561
EURO_AREA,2025-10-20,1.65669,1.53395
EURO_AREA,2025-10-27,1.66247,1.55047
EURO_AREA,2025-11-03,1.6695,1.57352
EURO_AREA,2025-11-10,1.67416,1.59844
EURO_AREA,2025-11-17,1.6879,1.61291
EURO_AREA,2025-11-24,1.69009,1.63142
EURO_AREA,2025-12-01,1.68072,1.61494
EURO_AREA,2025-12-08,1.67176,1.59275
EURO_AREA,2025-12-15,1.65811,1.57144
EURO_AREA,2025-12-22,1.64028,1.54356
EURO_AREA,2025-12-29,1.63924,1.54595
EURO_AREA,2026-01-05,1.65521,1.56886
EURO_AREA,2026-01-12,1.65304,1.5775
EURO_AREA,2026-01-19,1.66252,1.58883
EURO_AREA,2026-01-26,1.66534,1.5992
EURO_AREA,2026-02-02,1.67277,1.61155
EURO_AREA,2026-02-09,1.67399,1.61481
EURO_AREA,2026-02-16,1.6823,1.61853
EURO_AREA,2026-02-23,1.68623,1.62069
EURO_AREA,2026-03-02,1.71996,1.66182
EURO_AREA,2026-03-09,1.8325,1.89293
EURO_AREA,2026-03-16,1.8903,1.98191
EURO_AREA,2026-03-23,1.93198,2.07848
EURO_AREA,2026-03-30,1.90769,2.09028
EURO_AREA,2026-04-06,1.94595,2.15825
EURO_AREA,2026-04-13,1.91543,2.15422
EURO_AREA,2026-04-20,1.88747,2.06704
EURO_AREA,2026-04-27,1.8965,2.0301
EURO_AREA,2026-05-04,1.90903,2.01623
EURO_AREA,2026-05-11,1.93038,1.97447
EURO_AREA,2026-05-18,1.9384,1.94738
EURO_AREA,2026-05-25,1.95088,1.94323
EURO_AREA,2026-06-01,1.90506,1.89542
EURO_AREA,2026-06-08,1.87537,1.8724
EURO_AREA,2026-06-15,1.8565,1.84776
EURO_AREA,2026-06-22,1.81476,1.77447
EURO_AREA,2026-06-29,1.80664,1.75758
EURO_AREA,2026-07-06,1.86435,1.80031
EURO_AREA,2026-07-13,1.90571,1.86468
EURO_AREA,2026-07-20,1.95893,1.96717
EURO_AREA,2026-07-27,1.99194,2.04799
EURO_AREA,2026-08-03,2.00238,2.0775
EURO_AREA,2026-08-10,1.96959,2.04818
EURO_AREA,2026-08-17,2.00479,2.08762
EURO_AREA,2026-08-24,2.02171,2.11855
EURO_AREA,2026-08-31,2.02652,2.09836
EURO_AREA,2026-09-07,2.09634,2.13665
EURO_AREA,2026-09-14,2.12387,2.19067
EURO_AREA,2026-09-21,2.15752,2.26214
EU27,2025-09-29,1.62284,1.5415
EU27,2025-10-06,1.61986,1.5381
EU27,2025-10-13,1.61604,1.52903
EU27,2025-10-20,1.60849,1.51075
EU27,2025-10-27,1.61467,1.52765
EU27,2025-11-03,1.61943,1.54831
EU27,2025-11-10,1.62459,1.57139
EU27,2025-11-17,1.63919,1.58715
EU27,2025-11-24,1.63879,1.60682
EU27,2025-12-01,1.62897,1.58874
EU27,2025-12-08,1.61954,1.56768
EU27,2025-12-15,1.60533,1.5478
EU27,2025-12-22,1.58688,1.52079
EU27,2025-12-29,1.58576,1.52179
EU27,2026-01-05,1.60455,1.54489
EU27,2026-01-12,1.60466,1.5529
EU27,2026-01-19,1.6113,1.5621
EU27,2026-01-26,1.61502,1.57197
EU27,2026-02-02,1.62192,1.58262
EU27,2026-02-09,1.62345,1.58522
EU27,2026-02-16,1.63195,1.58952
EU27,2026-02-23,1.63723,1.59442
EU27,2026-03-02,1.66465,1.62922
EU27,2026-03-09,1.77408,1.8614
EU27,2026-03-16,1.83793,1.94908
EU27,2026-03-23,1.89349,2.06433
EU27,2026-03-30,1.87151,2.07566
EU27,2026-04-06,1.87873,2.11227
EU27,2026-04-13,1.85372,2.09972
EU27,2026-04-20,1.82745,2.00793
EU27,2026-04-27,1.84152,1.97434
EU27,2026-05-04,1.86111,1.97534
EU27,2026-05-11,1.87393,1.92996
EU27,2026-05-18,1.88181,1.90101
EU27,2026-05-25,1.90011,1.90051
EU27,2026-06-01,1.84755,1.84371
EU27,2026-06-08,1.81991,1.82859
EU27,2026-06-15,1.80471,1.80439
EU27,2026-06-22,1.76145,1.73015
EU27,2026-06-29,1.75656,1.71578
EU27,2026-07-06,1.81434,1.76617
EU27,2026-07-13,1.85102,1.82292
EU27,2026-07-20,1.90771,1.92646
EU27,2026-07-27,1.94049,2.00947
EU27,2026-08-03,1.95257,2.04392
EU27,2026-08-10,1.91069,2.01267
EU27,2026-08-17,1.92362,2.03314
EU27,2026-08-24,1.94186,2.06337
EU27,2026-08-31,1.94999,2.03915
EU27,2026-09-07,2.04303,2.10841
EU27,2026-09-14,2.06336,2.15874
EU27,2026-09-21,2.09216,2.22644
# SAMPLE of 104 of 2170 rows; full file: https://www.fuel-prices.eu/research/data/d1-eu-weekly-bulletin/fp-d1-eu-weighted-average.zip
# Source: fuel-prices.eu (https://www.fuel-prices.eu/research/)
# Consumption-weighted averages published by the European Commission in the Weekly Oil Bulletin (CC BY 4.0); EUR per litre, all taxes.
# Version 2026-09.4, built 2026-09-26T14:57Z.
