date,country_code,region_type,region,fuel,fuel_family,fuel_label,basis,n,mean_eur,median_eur,p10_eur,p90_eur,currency,mean_local,median_local,p10_local,p90_local,eur_rate,eur_rate_date,eur_rate_source,flag,source,source_terms
2026-10-01,ES,province,01 Araba/Álava,diesel,diesel,Diesel,stations,72,1.9379,1.987,1.799,2.039,EUR,1.9379,1.987,1.799,2.039,1.0,,EUR (no conversion),,"Geoportal de Hidrocarburos, MITECO",Reuse conditions of Royal Decree 1495/2011 (credit the source and give the date of the last update)
2026-10-01,ES,province,02 Albacete,diesel,diesel,Diesel,stations,153,1.9376,1.975,1.7904,2.019,EUR,1.9376,1.975,1.7904,2.019,1.0,,EUR (no conversion),,"Geoportal de Hidrocarburos, MITECO",Reuse conditions of Royal Decree 1495/2011 (credit the source and give the date of the last update)
2026-10-01,ES,province,03 Alicante/Alacant,diesel,diesel,Diesel,stations,478,1.9189,1.949,1.8087,1.994,EUR,1.9189,1.949,1.8087,1.994,1.0,,EUR (no conversion),,"Geoportal de Hidrocarburos, MITECO",Reuse conditions of Royal Decree 1495/2011 (credit the source and give the date of the last update)
2026-10-01,ES,province,04 Almería,diesel,diesel,Diesel,stations,231,1.9017,1.899,1.779,1.999,EUR,1.9017,1.899,1.779,1.999,1.0,,EUR (no conversion),,"Geoportal de Hidrocarburos, MITECO",Reuse conditions of Royal Decree 1495/2011 (credit the source and give the date of the last update)
2026-10-01,ES,province,05 Ávila,diesel,diesel,Diesel,stations,70,1.9835,2.027,1.879,2.049,EUR,1.9835,2.027,1.879,2.049,1.0,,EUR (no conversion),,"Geoportal de Hidrocarburos, MITECO",Reuse conditions of Royal Decree 1495/2011 (credit the source and give the date of the last update)
2026-10-01,ES,province,06 Badajoz,diesel,diesel,Diesel,stations,281,1.9262,1.939,1.819,2.028,EUR,1.9262,1.939,1.819,2.028,1.0,,EUR (no conversion),,"Geoportal de Hidrocarburos, MITECO",Reuse conditions of Royal Decree 1495/2011 (credit the source and give the date of the last update)
2026-10-01,ES,province,07 Illes Balears,diesel,diesel,Diesel,stations,216,2.0294,2.0445,1.939,2.079,EUR,2.0294,2.0445,1.939,2.079,1.0,,EUR (no conversion),,"Geoportal de Hidrocarburos, MITECO",Reuse conditions of Royal Decree 1495/2011 (credit the source and give the date of the last update)
2026-10-01,ES,province,08 Barcelona,diesel,diesel,Diesel,stations,780,1.9068,1.929,1.749,2.044,EUR,1.9068,1.929,1.749,2.044,1.0,,EUR (no conversion),,"Geoportal de Hidrocarburos, MITECO",Reuse conditions of Royal Decree 1495/2011 (credit the source and give the date of the last update)
2026-10-01,ES,province,09 Burgos,diesel,diesel,Diesel,stations,138,1.9313,1.959,1.829,2.019,EUR,1.9313,1.959,1.829,2.019,1.0,,EUR (no conversion),,"Geoportal de Hidrocarburos, MITECO",Reuse conditions of Royal Decree 1495/2011 (credit the source and give the date of the last update)
2026-10-01,ES,province,10 Cáceres,diesel,diesel,Diesel,stations,158,1.9675,1.995,1.8434,2.059,EUR,1.9675,1.995,1.8434,2.059,1.0,,EUR (no conversion),,"Geoportal de Hidrocarburos, MITECO",Reuse conditions of Royal Decree 1495/2011 (credit the source and give the date of the last update)
2026-10-01,ES,province,11 Cádiz,diesel,diesel,Diesel,stations,291,1.9337,1.949,1.845,2.015,EUR,1.9337,1.949,1.845,2.015,1.0,,EUR (no conversion),,"Geoportal de Hidrocarburos, MITECO",Reuse conditions of Royal Decree 1495/2011 (credit the source and give the date of the last update)
2026-10-01,ES,province,12 Castellón/Castelló,diesel,diesel,Diesel,stations,192,1.9268,1.9565,1.7698,2.039,EUR,1.9268,1.9565,1.7698,2.039,1.0,,EUR (no conversion),,"Geoportal de Hidrocarburos, MITECO",Reuse conditions of Royal Decree 1495/2011 (credit the source and give the date of the last update)
2026-10-01,ES,province,13 Ciudad Real,diesel,diesel,Diesel,stations,211,1.9204,1.949,1.799,2.009,EUR,1.9204,1.949,1.799,2.009,1.0,,EUR (no conversion),,"Geoportal de Hidrocarburos, MITECO",Reuse conditions of Royal Decree 1495/2011 (credit the source and give the date of the last update)
2026-10-01,ES,province,14 Córdoba,diesel,diesel,Diesel,stations,208,1.9483,1.969,1.856,2.0459,EUR,1.9483,1.969,1.856,2.0459,1.0,,EUR (no conversion),,"Geoportal de Hidrocarburos, MITECO",Reuse conditions of Royal Decree 1495/2011 (credit the source and give the date of the last update)
2026-10-01,ES,province,15 A Coruña,diesel,diesel,Diesel,stations,286,1.9323,1.969,1.799,2.015,EUR,1.9323,1.969,1.799,2.015,1.0,,EUR (no conversion),,"Geoportal de Hidrocarburos, MITECO",Reuse conditions of Royal Decree 1495/2011 (credit the source and give the date of the last update)
2026-10-01,ES,province,16 Cuenca,diesel,diesel,Diesel,stations,119,1.9467,1.979,1.8072,2.0382,EUR,1.9467,1.979,1.8072,2.0382,1.0,,EUR (no conversion),,"Geoportal de Hidrocarburos, MITECO",Reuse conditions of Royal Decree 1495/2011 (credit the source and give the date of the last update)
2026-10-01,ES,province,17 Girona,diesel,diesel,Diesel,stations,269,1.9089,1.949,1.7782,1.999,EUR,1.9089,1.949,1.7782,1.999,1.0,,EUR (no conversion),,"Geoportal de Hidrocarburos, MITECO",Reuse conditions of Royal Decree 1495/2011 (credit the source and give the date of the last update)
2026-10-01,ES,province,18 Granada,diesel,diesel,Diesel,stations,286,1.929,1.949,1.834,1.999,EUR,1.929,1.949,1.834,1.999,1.0,,EUR (no conversion),,"Geoportal de Hidrocarburos, MITECO",Reuse conditions of Royal Decree 1495/2011 (credit the source and give the date of the last update)
2026-10-01,ES,province,19 Guadalajara,diesel,diesel,Diesel,stations,89,1.9549,2.005,1.789,2.045,EUR,1.9549,2.005,1.789,2.045,1.0,,EUR (no conversion),,"Geoportal de Hidrocarburos, MITECO",Reuse conditions of Royal Decree 1495/2011 (credit the source and give the date of the last update)
2026-10-01,ES,province,20 Gipuzkoa,diesel,diesel,Diesel,stations,144,1.9624,1.999,1.839,2.044,EUR,1.9624,1.999,1.839,2.044,1.0,,EUR (no conversion),,"Geoportal de Hidrocarburos, MITECO",Reuse conditions of Royal Decree 1495/2011 (credit the source and give the date of the last update)
2026-10-01,ES,province,21 Huelva,diesel,diesel,Diesel,stations,141,1.9604,1.989,1.839,2.054,EUR,1.9604,1.989,1.839,2.054,1.0,,EUR (no conversion),,"Geoportal de Hidrocarburos, MITECO",Reuse conditions of Royal Decree 1495/2011 (credit the source and give the date of the last update)
2026-10-01,ES,province,22 Huesca,diesel,diesel,Diesel,stations,122,1.9197,1.949,1.781,2.005,EUR,1.9197,1.949,1.781,2.005,1.0,,EUR (no conversion),,"Geoportal de Hidrocarburos, MITECO",Reuse conditions of Royal Decree 1495/2011 (credit the source and give the date of the last update)
2026-10-01,ES,province,23 Jaén,diesel,diesel,Diesel,stations,211,1.9631,1.979,1.849,2.049,EUR,1.9631,1.979,1.849,2.049,1.0,,EUR (no conversion),,"Geoportal de Hidrocarburos, MITECO",Reuse conditions of Royal Decree 1495/2011 (credit the source and give the date of the last update)
2026-10-01,ES,province,24 León,diesel,diesel,Diesel,stations,165,1.9574,1.989,1.803,2.044,EUR,1.9574,1.989,1.803,2.044,1.0,,EUR (no conversion),,"Geoportal de Hidrocarburos, MITECO",Reuse conditions of Royal Decree 1495/2011 (credit the source and give the date of the last update)
2026-10-01,ES,province,25 Lleida,diesel,diesel,Diesel,stations,181,1.8703,1.889,1.676,1.999,EUR,1.8703,1.889,1.676,1.999,1.0,,EUR (no conversion),,"Geoportal de Hidrocarburos, MITECO",Reuse conditions of Royal Decree 1495/2011 (credit the source and give the date of the last update)
2026-10-01,ES,province,26 La Rioja,diesel,diesel,Diesel,stations,83,1.9248,1.968,1.8,1.999,EUR,1.9248,1.968,1.8,1.999,1.0,,EUR (no conversion),,"Geoportal de Hidrocarburos, MITECO",Reuse conditions of Royal Decree 1495/2011 (credit the source and give the date of the last update)
2026-10-01,ES,province,27 Lugo,diesel,diesel,Diesel,stations,129,1.9686,1.989,1.8554,2.034,EUR,1.9686,1.989,1.8554,2.034,1.0,,EUR (no conversion),,"Geoportal de Hidrocarburos, MITECO",Reuse conditions of Royal Decree 1495/2011 (credit the source and give the date of the last update)
2026-10-01,ES,province,28 Madrid,diesel,diesel,Diesel,stations,861,1.9443,1.979,1.829,2.033,EUR,1.9443,1.979,1.829,2.033,1.0,,EUR (no conversion),,"Geoportal de Hidrocarburos, MITECO",Reuse conditions of Royal Decree 1495/2011 (credit the source and give the date of the last update)
2026-10-01,ES,province,29 Málaga,diesel,diesel,Diesel,stations,306,1.969,2.005,1.849,2.048,EUR,1.969,2.005,1.849,2.048,1.0,,EUR (no conversion),,"Geoportal de Hidrocarburos, MITECO",Reuse conditions of Royal Decree 1495/2011 (credit the source and give the date of the last update)
2026-10-01,ES,province,30 Murcia,diesel,diesel,Diesel,stations,454,1.9111,1.951,1.789,1.999,EUR,1.9111,1.951,1.789,1.999,1.0,,EUR (no conversion),,"Geoportal de Hidrocarburos, MITECO",Reuse conditions of Royal Decree 1495/2011 (credit the source and give the date of the last update)
2026-10-01,ES,province,31 Navarra,diesel,diesel,Diesel,stations,242,1.8885,1.8895,1.789,2.005,EUR,1.8885,1.8895,1.789,2.005,1.0,,EUR (no conversion),,"Geoportal de Hidrocarburos, MITECO",Reuse conditions of Royal Decree 1495/2011 (credit the source and give the date of the last update)
2026-10-01,ES,province,32 Ourense,diesel,diesel,Diesel,stations,89,1.9568,1.989,1.8722,2.024,EUR,1.9568,1.989,1.8722,2.024,1.0,,EUR (no conversion),,"Geoportal de Hidrocarburos, MITECO",Reuse conditions of Royal Decree 1495/2011 (credit the source and give the date of the last update)
2026-10-01,ES,province,33 Asturias,diesel,diesel,Diesel,stations,241,1.9795,2.004,1.859,2.059,EUR,1.9795,2.004,1.859,2.059,1.0,,EUR (no conversion),,"Geoportal de Hidrocarburos, MITECO",Reuse conditions of Royal Decree 1495/2011 (credit the source and give the date of the last update)
2026-10-01,ES,province,34 Palencia,diesel,diesel,Diesel,stations,68,1.9641,2.005,1.806,2.039,EUR,1.9641,2.005,1.806,2.039,1.0,,EUR (no conversion),,"Geoportal de Hidrocarburos, MITECO",Reuse conditions of Royal Decree 1495/2011 (credit the source and give the date of the last update)
2026-10-01,ES,province,35 Las Palmas,diesel,diesel,Diesel,stations,256,1.6666,1.689,1.559,1.7115,EUR,1.6666,1.689,1.559,1.7115,1.0,,EUR (no conversion),,"Geoportal de Hidrocarburos, MITECO",Reuse conditions of Royal Decree 1495/2011 (credit the source and give the date of the last update)
2026-10-01,ES,province,36 Pontevedra,diesel,diesel,Diesel,stations,225,1.9461,1.969,1.829,2.029,EUR,1.9461,1.969,1.829,2.029,1.0,,EUR (no conversion),,"Geoportal de Hidrocarburos, MITECO",Reuse conditions of Royal Decree 1495/2011 (credit the source and give the date of the last update)
2026-10-01,ES,province,37 Salamanca,diesel,diesel,Diesel,stations,109,1.9327,1.955,1.839,1.999,EUR,1.9327,1.955,1.839,1.999,1.0,,EUR (no conversion),,"Geoportal de Hidrocarburos, MITECO",Reuse conditions of Royal Decree 1495/2011 (credit the source and give the date of the last update)
2026-10-01,ES,province,38 Santa Cruz de Tenerife,diesel,diesel,Diesel,stations,241,1.7262,1.718,1.639,1.881,EUR,1.7262,1.718,1.639,1.881,1.0,,EUR (no conversion),,"Geoportal de Hidrocarburos, MITECO",Reuse conditions of Royal Decree 1495/2011 (credit the source and give the date of the last update)
2026-10-01,ES,province,39 Cantabria,diesel,diesel,Diesel,stations,167,1.9485,1.999,1.779,2.049,EUR,1.9485,1.999,1.779,2.049,1.0,,EUR (no conversion),,"Geoportal de Hidrocarburos, MITECO",Reuse conditions of Royal Decree 1495/2011 (credit the source and give the date of the last update)
2026-10-01,ES,province,40 Segovia,diesel,diesel,Diesel,stations,76,1.9432,1.982,1.829,2.019,EUR,1.9432,1.982,1.829,2.019,1.0,,EUR (no conversion),,"Geoportal de Hidrocarburos, MITECO",Reuse conditions of Royal Decree 1495/2011 (credit the source and give the date of the last update)
2026-10-01,ES,province,41 Sevilla,diesel,diesel,Diesel,stations,442,1.9305,1.949,1.814,2.029,EUR,1.9305,1.949,1.814,2.029,1.0,,EUR (no conversion),,"Geoportal de Hidrocarburos, MITECO",Reuse conditions of Royal Decree 1495/2011 (credit the source and give the date of the last update)
2026-10-01,ES,province,42 Soria,diesel,diesel,Diesel,stations,40,1.9074,1.945,1.7844,1.999,EUR,1.9074,1.945,1.7844,1.999,1.0,,EUR (no conversion),,"Geoportal de Hidrocarburos, MITECO",Reuse conditions of Royal Decree 1495/2011 (credit the source and give the date of the last update)
2026-10-01,ES,province,43 Tarragona,diesel,diesel,Diesel,stations,227,1.8901,1.939,1.7406,1.999,EUR,1.8901,1.939,1.7406,1.999,1.0,,EUR (no conversion),,"Geoportal de Hidrocarburos, MITECO",Reuse conditions of Royal Decree 1495/2011 (credit the source and give the date of the last update)
2026-10-01,ES,province,44 Teruel,diesel,diesel,Diesel,stations,68,1.9045,1.939,1.7639,1.989,EUR,1.9045,1.939,1.7639,1.989,1.0,,EUR (no conversion),,"Geoportal de Hidrocarburos, MITECO",Reuse conditions of Royal Decree 1495/2011 (credit the source and give the date of the last update)
2026-10-01,ES,province,45 Toledo,diesel,diesel,Diesel,stations,241,1.9526,1.979,1.839,2.039,EUR,1.9526,1.979,1.839,2.039,1.0,,EUR (no conversion),,"Geoportal de Hidrocarburos, MITECO",Reuse conditions of Royal Decree 1495/2011 (credit the source and give the date of the last update)
2026-10-01,ES,province,46 Valencia/València,diesel,diesel,Diesel,stations,634,1.8882,1.899,1.769,1.999,EUR,1.8882,1.899,1.769,1.999,1.0,,EUR (no conversion),,"Geoportal de Hidrocarburos, MITECO",Reuse conditions of Royal Decree 1495/2011 (credit the source and give the date of the last update)
2026-10-01,ES,province,47 Valladolid,diesel,diesel,Diesel,stations,149,1.9346,1.989,1.8024,2.049,EUR,1.9346,1.989,1.8024,2.049,1.0,,EUR (no conversion),,"Geoportal de Hidrocarburos, MITECO",Reuse conditions of Royal Decree 1495/2011 (credit the source and give the date of the last update)
2026-10-01,ES,province,48 Bizkaia,diesel,diesel,Diesel,stations,128,1.9302,1.975,1.795,2.0243,EUR,1.9302,1.975,1.795,2.0243,1.0,,EUR (no conversion),,"Geoportal de Hidrocarburos, MITECO",Reuse conditions of Royal Decree 1495/2011 (credit the source and give the date of the last update)
2026-10-01,ES,province,49 Zamora,diesel,diesel,Diesel,stations,85,1.9436,1.989,1.7774,2.044,EUR,1.9436,1.989,1.7774,2.044,1.0,,EUR (no conversion),,"Geoportal de Hidrocarburos, MITECO",Reuse conditions of Royal Decree 1495/2011 (credit the source and give the date of the last update)
2026-10-01,ES,province,50 Zaragoza,diesel,diesel,Diesel,stations,230,1.9113,1.955,1.779,1.999,EUR,1.9113,1.955,1.779,1.999,1.0,,EUR (no conversion),,"Geoportal de Hidrocarburos, MITECO",Reuse conditions of Royal Decree 1495/2011 (credit the source and give the date of the last update)
2026-10-01,ES,province,51 Ceuta,diesel,diesel,Diesel,stations,10,1.7395,1.748,1.724,1.7481,EUR,1.7395,1.748,1.724,1.7481,1.0,,EUR (no conversion),,"Geoportal de Hidrocarburos, MITECO",Reuse conditions of Royal Decree 1495/2011 (credit the source and give the date of the last update)
2026-10-01,ES,province,52 Melilla,diesel,diesel,Diesel,stations,12,1.5622,1.567,1.555,1.567,EUR,1.5622,1.567,1.555,1.567,1.0,,EUR (no conversion),,"Geoportal de Hidrocarburos, MITECO",Reuse conditions of Royal Decree 1495/2011 (credit the source and give the date of the last update)
2026-10-01,FR,département,01,diesel,diesel,Diesel,stations,115,2.3776,2.389,2.25,2.4774,EUR,2.3776,2.389,2.25,2.4774,1.0,,EUR (no conversion),,prix-carburants.gouv.fr,Licence Ouverte 2.0 (Etalab)
2026-10-01,FR,département,02,diesel,diesel,Diesel,stations,88,2.3825,2.387,2.25,2.4671,EUR,2.3825,2.387,2.25,2.4671,1.0,,EUR (no conversion),,prix-carburants.gouv.fr,Licence Ouverte 2.0 (Etalab)
2026-10-01,FR,département,03,diesel,diesel,Diesel,stations,69,2.4063,2.409,2.25,2.4906,EUR,2.4063,2.409,2.25,2.4906,1.0,,EUR (no conversion),,prix-carburants.gouv.fr,Licence Ouverte 2.0 (Etalab)
2026-10-01,FR,département,04,diesel,diesel,Diesel,stations,52,2.3759,2.377,2.25,2.4895,EUR,2.3759,2.377,2.25,2.4895,1.0,,EUR (no conversion),,prix-carburants.gouv.fr,Licence Ouverte 2.0 (Etalab)
2026-10-01,FR,département,05,diesel,diesel,Diesel,stations,40,2.3957,2.399,2.25,2.461,EUR,2.3957,2.399,2.25,2.461,1.0,,EUR (no conversion),,prix-carburants.gouv.fr,Licence Ouverte 2.0 (Etalab)
2026-10-01,FR,département,06,diesel,diesel,Diesel,stations,140,2.4013,2.4135,2.25,2.549,EUR,2.4013,2.4135,2.25,2.549,1.0,,EUR (no conversion),,prix-carburants.gouv.fr,Licence Ouverte 2.0 (Etalab)
2026-10-01,FR,département,07,diesel,diesel,Diesel,stations,69,2.3754,2.391,2.25,2.4582,EUR,2.3754,2.391,2.25,2.4582,1.0,,EUR (no conversion),,prix-carburants.gouv.fr,Licence Ouverte 2.0 (Etalab)
2026-10-01,FR,département,08,diesel,diesel,Diesel,stations,45,2.3987,2.419,2.25,2.4692,EUR,2.3987,2.419,2.25,2.4692,1.0,,EUR (no conversion),,prix-carburants.gouv.fr,Licence Ouverte 2.0 (Etalab)
2026-10-01,FR,département,09,diesel,diesel,Diesel,stations,32,2.3879,2.399,2.299,2.46,EUR,2.3879,2.399,2.299,2.46,1.0,,EUR (no conversion),,prix-carburants.gouv.fr,Licence Ouverte 2.0 (Etalab)
2026-10-01,FR,département,10,diesel,diesel,Diesel,stations,63,2.3983,2.403,2.25,2.499,EUR,2.3983,2.403,2.25,2.499,1.0,,EUR (no conversion),,prix-carburants.gouv.fr,Licence Ouverte 2.0 (Etalab)
2026-10-01,FR,département,11,diesel,diesel,Diesel,stations,84,2.4064,2.4155,2.25,2.4942,EUR,2.4064,2.4155,2.25,2.4942,1.0,,EUR (no conversion),,prix-carburants.gouv.fr,Licence Ouverte 2.0 (Etalab)
2026-10-01,FR,département,12,diesel,diesel,Diesel,stations,80,2.3604,2.369,2.25,2.449,EUR,2.3604,2.369,2.25,2.449,1.0,,EUR (no conversion),,prix-carburants.gouv.fr,Licence Ouverte 2.0 (Etalab)
2026-10-01,FR,département,13,diesel,diesel,Diesel,stations,262,2.3818,2.399,2.25,2.4899,EUR,2.3818,2.399,2.25,2.4899,1.0,,EUR (no conversion),,prix-carburants.gouv.fr,Licence Ouverte 2.0 (Etalab)
2026-10-01,FR,département,14,diesel,diesel,Diesel,stations,116,2.3618,2.379,2.25,2.434,EUR,2.3618,2.379,2.25,2.434,1.0,,EUR (no conversion),,prix-carburants.gouv.fr,Licence Ouverte 2.0 (Etalab)
2026-10-01,FR,département,15,diesel,diesel,Diesel,stations,46,2.3955,2.3985,2.25,2.4945,EUR,2.3955,2.3985,2.25,2.4945,1.0,,EUR (no conversion),,prix-carburants.gouv.fr,Licence Ouverte 2.0 (Etalab)
2026-10-01,FR,département,16,diesel,diesel,Diesel,stations,65,2.382,2.379,2.325,2.475,EUR,2.382,2.379,2.325,2.475,1.0,,EUR (no conversion),,prix-carburants.gouv.fr,Licence Ouverte 2.0 (Etalab)
2026-10-01,FR,département,17,diesel,diesel,Diesel,stations,107,2.3673,2.358,2.25,2.443,EUR,2.3673,2.358,2.25,2.443,1.0,,EUR (no conversion),,prix-carburants.gouv.fr,Licence Ouverte 2.0 (Etalab)
2026-10-01,FR,département,18,diesel,diesel,Diesel,stations,58,2.4237,2.415,2.355,2.5053,EUR,2.4237,2.415,2.355,2.5053,1.0,,EUR (no conversion),,prix-carburants.gouv.fr,Licence Ouverte 2.0 (Etalab)
2026-10-01,FR,département,19,diesel,diesel,Diesel,stations,57,2.3923,2.409,2.25,2.4794,EUR,2.3923,2.409,2.25,2.4794,1.0,,EUR (no conversion),,prix-carburants.gouv.fr,Licence Ouverte 2.0 (Etalab)
2026-10-01,FR,département,21,diesel,diesel,Diesel,stations,116,2.4269,2.429,2.25,2.499,EUR,2.4269,2.429,2.25,2.499,1.0,,EUR (no conversion),,prix-carburants.gouv.fr,Licence Ouverte 2.0 (Etalab)
2026-10-01,FR,département,22,diesel,diesel,Diesel,stations,107,2.3554,2.36,2.25,2.4006,EUR,2.3554,2.36,2.25,2.4006,1.0,,EUR (no conversion),,prix-carburants.gouv.fr,Licence Ouverte 2.0 (Etalab)
2026-10-01,FR,département,23,diesel,diesel,Diesel,stations,32,2.4142,2.399,2.369,2.4944,EUR,2.4142,2.399,2.369,2.4944,1.0,,EUR (no conversion),,prix-carburants.gouv.fr,Licence Ouverte 2.0 (Etalab)
2026-10-01,FR,département,24,diesel,diesel,Diesel,stations,92,2.3692,2.3815,2.25,2.439,EUR,2.3692,2.3815,2.25,2.439,1.0,,EUR (no conversion),,prix-carburants.gouv.fr,Licence Ouverte 2.0 (Etalab)
2026-10-01,FR,département,25,diesel,diesel,Diesel,stations,89,2.4388,2.439,2.385,2.499,EUR,2.4388,2.439,2.385,2.499,1.0,,EUR (no conversion),,prix-carburants.gouv.fr,Licence Ouverte 2.0 (Etalab)
2026-10-01,FR,département,26,diesel,diesel,Diesel,stations,113,2.3991,2.399,2.25,2.517,EUR,2.3991,2.399,2.25,2.517,1.0,,EUR (no conversion),,prix-carburants.gouv.fr,Licence Ouverte 2.0 (Etalab)
2026-10-01,FR,département,27,diesel,diesel,Diesel,stations,88,2.3723,2.389,2.25,2.4455,EUR,2.3723,2.389,2.25,2.4455,1.0,,EUR (no conversion),,prix-carburants.gouv.fr,Licence Ouverte 2.0 (Etalab)
2026-10-01,FR,département,28,diesel,diesel,Diesel,stations,73,2.3772,2.369,2.25,2.467,EUR,2.3772,2.369,2.25,2.467,1.0,,EUR (no conversion),,prix-carburants.gouv.fr,Licence Ouverte 2.0 (Etalab)
2026-10-01,FR,département,29,diesel,diesel,Diesel,stations,139,2.3521,2.359,2.25,2.401,EUR,2.3521,2.359,2.25,2.401,1.0,,EUR (no conversion),,prix-carburants.gouv.fr,Licence Ouverte 2.0 (Etalab)
2026-10-01,FR,département,2A,diesel,diesel,Diesel,stations,59,2.2963,2.275,2.2272,2.359,EUR,2.2963,2.275,2.2272,2.359,1.0,,EUR (no conversion),,prix-carburants.gouv.fr,Licence Ouverte 2.0 (Etalab)
2026-10-01,FR,département,2B,diesel,diesel,Diesel,stations,65,2.3169,2.33,2.24,2.399,EUR,2.3169,2.33,2.24,2.399,1.0,,EUR (no conversion),,prix-carburants.gouv.fr,Licence Ouverte 2.0 (Etalab)
2026-10-01,FR,département,30,diesel,diesel,Diesel,stations,127,2.415,2.417,2.25,2.4968,EUR,2.415,2.417,2.25,2.4968,1.0,,EUR (no conversion),,prix-carburants.gouv.fr,Licence Ouverte 2.0 (Etalab)
2026-10-01,FR,département,31,diesel,diesel,Diesel,stations,166,2.3922,2.399,2.25,2.4685,EUR,2.3922,2.399,2.25,2.4685,1.0,,EUR (no conversion),,prix-carburants.gouv.fr,Licence Ouverte 2.0 (Etalab)
2026-10-01,FR,département,32,diesel,diesel,Diesel,stations,44,2.3796,2.397,2.25,2.45,EUR,2.3796,2.397,2.25,2.45,1.0,,EUR (no conversion),,prix-carburants.gouv.fr,Licence Ouverte 2.0 (Etalab)
2026-10-01,FR,département,33,diesel,diesel,Diesel,stations,209,2.3686,2.375,2.25,2.4712,EUR,2.3686,2.375,2.25,2.4712,1.0,,EUR (no conversion),,prix-carburants.gouv.fr,Licence Ouverte 2.0 (Etalab)
2026-10-01,FR,département,34,diesel,diesel,Diesel,stations,155,2.3874,2.395,2.25,2.499,EUR,2.3874,2.395,2.25,2.499,1.0,,EUR (no conversion),,prix-carburants.gouv.fr,Licence Ouverte 2.0 (Etalab)
2026-10-01,FR,département,35,diesel,diesel,Diesel,stations,137,2.3536,2.359,2.25,2.4336,EUR,2.3536,2.359,2.25,2.4336,1.0,,EUR (no conversion),,prix-carburants.gouv.fr,Licence Ouverte 2.0 (Etalab)
2026-10-01,FR,département,36,diesel,diesel,Diesel,stations,41,2.3667,2.392,2.25,2.428,EUR,2.3667,2.392,2.25,2.428,1.0,,EUR (no conversion),,prix-carburants.gouv.fr,Licence Ouverte 2.0 (Etalab)
2026-10-01,FR,département,37,diesel,diesel,Diesel,stations,84,2.3645,2.369,2.25,2.433,EUR,2.3645,2.369,2.25,2.433,1.0,,EUR (no conversion),,prix-carburants.gouv.fr,Licence Ouverte 2.0 (Etalab)
2026-10-01,FR,département,38,diesel,diesel,Diesel,stations,176,2.3978,2.399,2.25,2.5065,EUR,2.3978,2.399,2.25,2.5065,1.0,,EUR (no conversion),,prix-carburants.gouv.fr,Licence Ouverte 2.0 (Etalab)
2026-10-01,FR,département,39,diesel,diesel,Diesel,stations,69,2.4226,2.424,2.2892,2.499,EUR,2.4226,2.424,2.2892,2.499,1.0,,EUR (no conversion),,prix-carburants.gouv.fr,Licence Ouverte 2.0 (Etalab)
2026-10-01,FR,département,40,diesel,diesel,Diesel,stations,96,2.3839,2.392,2.25,2.444,EUR,2.3839,2.392,2.25,2.444,1.0,,EUR (no conversion),,prix-carburants.gouv.fr,Licence Ouverte 2.0 (Etalab)
2026-10-01,FR,département,41,diesel,diesel,Diesel,stations,57,2.3908,2.399,2.25,2.4714,EUR,2.3908,2.399,2.25,2.4714,1.0,,EUR (no conversion),,prix-carburants.gouv.fr,Licence Ouverte 2.0 (Etalab)
2026-10-01,FR,département,42,diesel,diesel,Diesel,stations,115,2.3977,2.399,2.25,2.499,EUR,2.3977,2.399,2.25,2.499,1.0,,EUR (no conversion),,prix-carburants.gouv.fr,Licence Ouverte 2.0 (Etalab)
2026-10-01,FR,département,43,diesel,diesel,Diesel,stations,51,2.3914,2.399,2.25,2.459,EUR,2.3914,2.399,2.25,2.459,1.0,,EUR (no conversion),,prix-carburants.gouv.fr,Licence Ouverte 2.0 (Etalab)
2026-10-01,FR,département,44,diesel,diesel,Diesel,stations,150,2.3565,2.359,2.25,2.439,EUR,2.3565,2.359,2.25,2.439,1.0,,EUR (no conversion),,prix-carburants.gouv.fr,Licence Ouverte 2.0 (Etalab)
2026-10-01,FR,département,45,diesel,diesel,Diesel,stations,105,2.3843,2.398,2.25,2.4818,EUR,2.3843,2.398,2.25,2.4818,1.0,,EUR (no conversion),,prix-carburants.gouv.fr,Licence Ouverte 2.0 (Etalab)
2026-10-01,FR,département,46,diesel,diesel,Diesel,stations,54,2.3754,2.399,2.25,2.466,EUR,2.3754,2.399,2.25,2.466,1.0,,EUR (no conversion),,prix-carburants.gouv.fr,Licence Ouverte 2.0 (Etalab)
2026-10-01,FR,département,47,diesel,diesel,Diesel,stations,76,2.3656,2.384,2.25,2.4405,EUR,2.3656,2.384,2.25,2.4405,1.0,,EUR (no conversion),,prix-carburants.gouv.fr,Licence Ouverte 2.0 (Etalab)
2026-10-01,FR,département,48,diesel,diesel,Diesel,stations,34,2.4097,2.404,2.362,2.479,EUR,2.4097,2.404,2.362,2.479,1.0,,EUR (no conversion),,prix-carburants.gouv.fr,Licence Ouverte 2.0 (Etalab)
2026-10-01,FR,département,49,diesel,diesel,Diesel,stations,93,2.386,2.379,2.3366,2.4298,EUR,2.386,2.379,2.3366,2.4298,1.0,,EUR (no conversion),,prix-carburants.gouv.fr,Licence Ouverte 2.0 (Etalab)
2026-10-01,FR,département,50,diesel,diesel,Diesel,stations,110,2.3801,2.3855,2.25,2.4673,EUR,2.3801,2.3855,2.25,2.4673,1.0,,EUR (no conversion),,prix-carburants.gouv.fr,Licence Ouverte 2.0 (Etalab)
2026-10-01,FR,département,51,diesel,diesel,Diesel,stations,86,2.3728,2.388,2.25,2.459,EUR,2.3728,2.388,2.25,2.459,1.0,,EUR (no conversion),,prix-carburants.gouv.fr,Licence Ouverte 2.0 (Etalab)
2026-10-01,FR,département,52,diesel,diesel,Diesel,stations,48,2.4273,2.422,2.25,2.499,EUR,2.4273,2.422,2.25,2.499,1.0,,EUR (no conversion),,prix-carburants.gouv.fr,Licence Ouverte 2.0 (Etalab)
2026-10-01,FR,département,53,diesel,diesel,Diesel,stations,48,2.3726,2.378,2.25,2.4334,EUR,2.3726,2.378,2.25,2.4334,1.0,,EUR (no conversion),,prix-carburants.gouv.fr,Licence Ouverte 2.0 (Etalab)
2026-10-01,FR,département,54,diesel,diesel,Diesel,stations,81,2.4038,2.428,2.25,2.469,EUR,2.4038,2.428,2.25,2.469,1.0,,EUR (no conversion),,prix-carburants.gouv.fr,Licence Ouverte 2.0 (Etalab)
2026-10-01,FR,département,55,diesel,diesel,Diesel,stations,34,2.3882,2.399,2.25,2.4511,EUR,2.3882,2.399,2.25,2.4511,1.0,,EUR (no conversion),,prix-carburants.gouv.fr,Licence Ouverte 2.0 (Etalab)
2026-10-01,FR,département,56,diesel,diesel,Diesel,stations,131,2.37,2.369,2.25,2.437,EUR,2.37,2.369,2.25,2.437,1.0,,EUR (no conversion),,prix-carburants.gouv.fr,Licence Ouverte 2.0 (Etalab)
2026-10-01,FR,département,57,diesel,diesel,Diesel,stations,114,2.4173,2.4265,2.25,2.5074,EUR,2.4173,2.4265,2.25,2.5074,1.0,,EUR (no conversion),,prix-carburants.gouv.fr,Licence Ouverte 2.0 (Etalab)
2026-10-01,FR,département,58,diesel,diesel,Diesel,stations,55,2.4309,2.438,2.371,2.499,EUR,2.4309,2.438,2.371,2.499,1.0,,EUR (no conversion),,prix-carburants.gouv.fr,Licence Ouverte 2.0 (Etalab)
2026-10-01,FR,département,59,diesel,diesel,Diesel,stations,237,2.3677,2.38,2.25,2.449,EUR,2.3677,2.38,2.25,2.449,1.0,,EUR (no conversion),,prix-carburants.gouv.fr,Licence Ouverte 2.0 (Etalab)
2026-10-01,FR,département,60,diesel,diesel,Diesel,stations,110,2.3695,2.3895,2.25,2.4491,EUR,2.3695,2.3895,2.25,2.4491,1.0,,EUR (no conversion),,prix-carburants.gouv.fr,Licence Ouverte 2.0 (Etalab)
2026-10-01,FR,département,61,diesel,diesel,Diesel,stations,55,2.3753,2.385,2.25,2.46,EUR,2.3753,2.385,2.25,2.46,1.0,,EUR (no conversion),,prix-carburants.gouv.fr,Licence Ouverte 2.0 (Etalab)
2026-10-01,FR,département,62,diesel,diesel,Diesel,stations,214,2.3801,2.389,2.25,2.459,EUR,2.3801,2.389,2.25,2.459,1.0,,EUR (no conversion),,prix-carburants.gouv.fr,Licence Ouverte 2.0 (Etalab)
2026-10-01,FR,département,63,diesel,diesel,Diesel,stations,109,2.3786,2.399,2.25,2.46,EUR,2.3786,2.399,2.25,2.46,1.0,,EUR (no conversion),,prix-carburants.gouv.fr,Licence Ouverte 2.0 (Etalab)
2026-10-01,FR,département,64,diesel,diesel,Diesel,stations,104,2.3678,2.379,2.25,2.439,EUR,2.3678,2.379,2.25,2.439,1.0,,EUR (no conversion),,prix-carburants.gouv.fr,Licence Ouverte 2.0 (Etalab)
2026-10-01,FR,département,65,diesel,diesel,Diesel,stations,48,2.3814,2.398,2.25,2.4608,EUR,2.3814,2.398,2.25,2.4608,1.0,,EUR (no conversion),,prix-carburants.gouv.fr,Licence Ouverte 2.0 (Etalab)
2026-10-01,FR,département,66,diesel,diesel,Diesel,stations,71,2.3776,2.379,2.25,2.449,EUR,2.3776,2.379,2.25,2.449,1.0,,EUR (no conversion),,prix-carburants.gouv.fr,Licence Ouverte 2.0 (Etalab)
2026-10-01,FR,département,67,diesel,diesel,Diesel,stations,123,2.4766,2.505,2.25,2.587,EUR,2.4766,2.505,2.25,2.587,1.0,,EUR (no conversion),,prix-carburants.gouv.fr,Licence Ouverte 2.0 (Etalab)
2026-10-01,FR,département,68,diesel,diesel,Diesel,stations,91,2.472,2.486,2.25,2.579,EUR,2.472,2.486,2.25,2.579,1.0,,EUR (no conversion),,prix-carburants.gouv.fr,Licence Ouverte 2.0 (Etalab)
2026-10-01,FR,département,69,diesel,diesel,Diesel,stations,192,2.3973,2.4045,2.25,2.529,EUR,2.3973,2.4045,2.25,2.529,1.0,,EUR (no conversion),,prix-carburants.gouv.fr,Licence Ouverte 2.0 (Etalab)
2026-10-01,FR,département,70,diesel,diesel,Diesel,stations,46,2.4198,2.4005,2.385,2.469,EUR,2.4198,2.4005,2.385,2.469,1.0,,EUR (no conversion),,prix-carburants.gouv.fr,Licence Ouverte 2.0 (Etalab)
2026-10-01,FR,département,71,diesel,diesel,Diesel,stations,133,2.4079,2.399,2.25,2.499,EUR,2.4079,2.399,2.25,2.499,1.0,,EUR (no conversion),,prix-carburants.gouv.fr,Licence Ouverte 2.0 (Etalab)
2026-10-01,FR,département,72,diesel,diesel,Diesel,stations,86,2.3809,2.389,2.25,2.474,EUR,2.3809,2.389,2.25,2.474,1.0,,EUR (no conversion),,prix-carburants.gouv.fr,Licence Ouverte 2.0 (Etalab)
2026-10-01,FR,département,73,diesel,diesel,Diesel,stations,88,2.4174,2.399,2.25,2.566,EUR,2.4174,2.399,2.25,2.566,1.0,,EUR (no conversion),,prix-carburants.gouv.fr,Licence Ouverte 2.0 (Etalab)
2026-10-01,FR,département,74,diesel,diesel,Diesel,stations,117,2.4168,2.429,2.25,2.5136,EUR,2.4168,2.429,2.25,2.5136,1.0,,EUR (no conversion),,prix-carburants.gouv.fr,Licence Ouverte 2.0 (Etalab)
2026-10-01,FR,département,75,diesel,diesel,Diesel,stations,38,2.4148,2.3595,2.25,2.6857,EUR,2.4148,2.3595,2.25,2.6857,1.0,,EUR (no conversion),,prix-carburants.gouv.fr,Licence Ouverte 2.0 (Etalab)
2026-10-01,FR,département,76,diesel,diesel,Diesel,stations,160,2.3634,2.379,2.25,2.4432,EUR,2.3634,2.379,2.25,2.4432,1.0,,EUR (no conversion),,prix-carburants.gouv.fr,Licence Ouverte 2.0 (Etalab)
2026-10-01,FR,département,77,diesel,diesel,Diesel,stations,166,2.3664,2.389,2.25,2.4645,EUR,2.3664,2.389,2.25,2.4645,1.0,,EUR (no conversion),,prix-carburants.gouv.fr,Licence Ouverte 2.0 (Etalab)
2026-10-01,FR,département,78,diesel,diesel,Diesel,stations,135,2.3515,2.369,2.25,2.485,EUR,2.3515,2.369,2.25,2.485,1.0,,EUR (no conversion),,prix-carburants.gouv.fr,Licence Ouverte 2.0 (Etalab)
2026-10-01,FR,département,79,diesel,diesel,Diesel,stations,66,2.3742,2.3545,2.25,2.489,EUR,2.3742,2.3545,2.25,2.489,1.0,,EUR (no conversion),,prix-carburants.gouv.fr,Licence Ouverte 2.0 (Etalab)
2026-10-01,FR,département,80,diesel,diesel,Diesel,stations,101,2.3816,2.379,2.25,2.459,EUR,2.3816,2.379,2.25,2.459,1.0,,EUR (no conversion),,prix-carburants.gouv.fr,Licence Ouverte 2.0 (Etalab)
2026-10-01,FR,département,81,diesel,diesel,Diesel,stations,63,2.3851,2.399,2.2648,2.439,EUR,2.3851,2.399,2.2648,2.439,1.0,,EUR (no conversion),,prix-carburants.gouv.fr,Licence Ouverte 2.0 (Etalab)
2026-10-01,FR,département,82,diesel,diesel,Diesel,stations,56,2.4044,2.422,2.25,2.4895,EUR,2.4044,2.422,2.25,2.4895,1.0,,EUR (no conversion),,prix-carburants.gouv.fr,Licence Ouverte 2.0 (Etalab)
2026-10-01,FR,département,83,diesel,diesel,Diesel,stations,170,2.387,2.396,2.25,2.499,EUR,2.387,2.396,2.25,2.499,1.0,,EUR (no conversion),,prix-carburants.gouv.fr,Licence Ouverte 2.0 (Etalab)
2026-10-01,FR,département,84,diesel,diesel,Diesel,stations,102,2.3975,2.399,2.25,2.499,EUR,2.3975,2.399,2.25,2.499,1.0,,EUR (no conversion),,prix-carburants.gouv.fr,Licence Ouverte 2.0 (Etalab)
2026-10-01,FR,département,85,diesel,diesel,Diesel,stations,104,2.376,2.3565,2.2707,2.4785,EUR,2.376,2.3565,2.2707,2.4785,1.0,,EUR (no conversion),,prix-carburants.gouv.fr,Licence Ouverte 2.0 (Etalab)
2026-10-01,FR,département,86,diesel,diesel,Diesel,stations,66,2.3714,2.377,2.25,2.449,EUR,2.3714,2.377,2.25,2.449,1.0,,EUR (no conversion),,prix-carburants.gouv.fr,Licence Ouverte 2.0 (Etalab)
2026-10-01,FR,département,87,diesel,diesel,Diesel,stations,81,2.3891,2.395,2.25,2.476,EUR,2.3891,2.395,2.25,2.476,1.0,,EUR (no conversion),,prix-carburants.gouv.fr,Licence Ouverte 2.0 (Etalab)
2026-10-01,FR,département,88,diesel,diesel,Diesel,stations,72,2.4241,2.459,2.25,2.499,EUR,2.4241,2.459,2.25,2.499,1.0,,EUR (no conversion),,prix-carburants.gouv.fr,Licence Ouverte 2.0 (Etalab)
2026-10-01,FR,département,89,diesel,diesel,Diesel,stations,85,2.4165,2.429,2.25,2.499,EUR,2.4165,2.429,2.25,2.499,1.0,,EUR (no conversion),,prix-carburants.gouv.fr,Licence Ouverte 2.0 (Etalab)
2026-10-01,FR,département,90,diesel,diesel,Diesel,stations,13,2.4506,2.469,2.3814,2.5246,EUR,2.4506,2.469,2.3814,2.5246,1.0,,EUR (no conversion),,prix-carburants.gouv.fr,Licence Ouverte 2.0 (Etalab)
2026-10-01,FR,département,91,diesel,diesel,Diesel,stations,126,2.3637,2.373,2.25,2.499,EUR,2.3637,2.373,2.25,2.499,1.0,,EUR (no conversion),,prix-carburants.gouv.fr,Licence Ouverte 2.0 (Etalab)
2026-10-01,FR,département,92,diesel,diesel,Diesel,stations,66,2.3903,2.4045,2.25,2.559,EUR,2.3903,2.4045,2.25,2.559,1.0,,EUR (no conversion),,prix-carburants.gouv.fr,Licence Ouverte 2.0 (Etalab)
2026-10-01,FR,département,93,diesel,diesel,Diesel,stations,80,2.3839,2.4025,2.25,2.549,EUR,2.3839,2.4025,2.25,2.549,1.0,,EUR (no conversion),,prix-carburants.gouv.fr,Licence Ouverte 2.0 (Etalab)
2026-10-01,FR,département,94,diesel,diesel,Diesel,stations,78,2.4013,2.4115,2.25,2.5776,EUR,2.4013,2.4115,2.25,2.5776,1.0,,EUR (no conversion),,prix-carburants.gouv.fr,Licence Ouverte 2.0 (Etalab)
2026-10-01,FR,département,95,diesel,diesel,Diesel,stations,106,2.3698,2.389,2.25,2.519,EUR,2.3698,2.389,2.25,2.519,1.0,,EUR (no conversion),,prix-carburants.gouv.fr,Licence Ouverte 2.0 (Etalab)
2026-10-01,GB,region / nation,England,diesel,diesel,Diesel,stations,6172,2.3414,2.339,2.292,2.386,GBP,2.0011,1.999,1.9588,2.0391,0.85463,2026-09-30,ECB euro foreign exchange reference rate,,UK Fuel Finder open data scheme (Department for Energy Security and Net Zero),Open Government Licence v3.0 (https://www.nationalarchives.gov.uk/doc/open-government-licence/version/3/); attribution: Contains public sector information licensed under the Open Government Licence v3.0
2026-10-01,GB,region / nation,Northern Ireland,diesel,diesel,Diesel,stations,572,2.2683,2.281,2.222,2.327,GBP,1.9385,1.9494,1.899,1.9887,0.85463,2026-09-30,ECB euro foreign exchange reference rate,,UK Fuel Finder open data scheme (Department for Energy Security and Net Zero),Open Government Licence v3.0 (https://www.nationalarchives.gov.uk/doc/open-government-licence/version/3/); attribution: Contains public sector information licensed under the Open Government Licence v3.0
2026-10-01,GB,region / nation,Scotland,diesel,diesel,Diesel,stations,791,2.353,2.339,2.292,2.409,GBP,2.011,1.999,1.9588,2.0588,0.85463,2026-09-30,ECB euro foreign exchange reference rate,,UK Fuel Finder open data scheme (Department for Energy Security and Net Zero),Open Government Licence v3.0 (https://www.nationalarchives.gov.uk/doc/open-government-licence/version/3/); attribution: Contains public sector information licensed under the Open Government Licence v3.0
2026-10-01,GB,region / nation,Wales,diesel,diesel,Diesel,stations,491,2.337,2.339,2.302,2.374,GBP,1.9972,1.999,1.9674,2.0289,0.85463,2026-09-30,ECB euro foreign exchange reference rate,,UK Fuel Finder open data scheme (Department for Energy Security and Net Zero),Open Government Licence v3.0 (https://www.nationalarchives.gov.uk/doc/open-government-licence/version/3/); attribution: Contains public sector information licensed under the Open Government Licence v3.0
2026-10-01,RO,county (județ),Alba,diesel,diesel,Diesel (standard),stations,21,2.0733,2.0743,2.0668,2.0781,RON,10.9443,10.95,10.91,10.97,5.2788,2026-09-30,ECB euro foreign exchange reference rate,,Monitorul Prețurilor Carburanților (Consiliul Concurenței),"No licence published by the source; aggregates computed by fuel-prices.eu (mean, median, p10, p90, number of stations); no station-level prices republished"
2026-10-01,RO,county (județ),Arad,diesel,diesel,Diesel (standard),stations,39,2.0729,2.0743,2.0668,2.0781,RON,10.9426,10.95,10.91,10.97,5.2788,2026-09-30,ECB euro foreign exchange reference rate,,Monitorul Prețurilor Carburanților (Consiliul Concurenței),"No licence published by the source; aggregates computed by fuel-prices.eu (mean, median, p10, p90, number of stations); no station-level prices republished"
2026-10-01,RO,county (județ),Argeș,diesel,diesel,Diesel (standard),stations,33,2.0728,2.0743,2.0668,2.0781,RON,10.9421,10.95,10.91,10.97,5.2788,2026-09-30,ECB euro foreign exchange reference rate,,Monitorul Prețurilor Carburanților (Consiliul Concurenței),"No licence published by the source; aggregates computed by fuel-prices.eu (mean, median, p10, p90, number of stations); no station-level prices republished"
2026-10-01,RO,county (județ),Bacău,diesel,diesel,Diesel (standard),stations,27,2.0733,2.0743,2.0668,2.0781,RON,10.9444,10.95,10.91,10.97,5.2788,2026-09-30,ECB euro foreign exchange reference rate,,Monitorul Prețurilor Carburanților (Consiliul Concurenței),"No licence published by the source; aggregates computed by fuel-prices.eu (mean, median, p10, p90, number of stations); no station-level prices republished"
2026-10-01,RO,county (județ),Bihor,diesel,diesel,Diesel (standard),stations,32,2.0741,2.0762,2.0668,2.0781,RON,10.9488,10.96,10.91,10.97,5.2788,2026-09-30,ECB euro foreign exchange reference rate,,Monitorul Prețurilor Carburanților (Consiliul Concurenței),"No licence published by the source; aggregates computed by fuel-prices.eu (mean, median, p10, p90, number of stations); no station-level prices republished"
2026-10-01,RO,county (județ),Bistrița-Năsăud,diesel,diesel,Diesel (standard),stations,7,2.0716,2.0668,2.0668,2.0781,RON,10.9357,10.91,10.91,10.97,5.2788,2026-09-30,ECB euro foreign exchange reference rate,few_stations,Monitorul Prețurilor Carburanților (Consiliul Concurenței),"No licence published by the source; aggregates computed by fuel-prices.eu (mean, median, p10, p90, number of stations); no station-level prices republished"
2026-10-01,RO,county (județ),Botoșani,diesel,diesel,Diesel (standard),stations,13,2.071,2.0724,2.0668,2.0774,RON,10.9323,10.94,10.91,10.966,5.2788,2026-09-30,ECB euro foreign exchange reference rate,,Monitorul Prețurilor Carburanților (Consiliul Concurenței),"No licence published by the source; aggregates computed by fuel-prices.eu (mean, median, p10, p90, number of stations); no station-level prices republished"
2026-10-01,RO,county (județ),Brașov,diesel,diesel,Diesel (standard),stations,39,2.0747,2.0781,2.0668,2.0781,RON,10.9518,10.97,10.91,10.97,5.2788,2026-09-30,ECB euro foreign exchange reference rate,,Monitorul Prețurilor Carburanților (Consiliul Concurenței),"No licence published by the source; aggregates computed by fuel-prices.eu (mean, median, p10, p90, number of stations); no station-level prices republished"
2026-10-01,RO,county (județ),Brăila,diesel,diesel,Diesel (standard),stations,14,2.0745,2.0762,2.0668,2.0781,RON,10.9507,10.96,10.91,10.97,5.2788,2026-09-30,ECB euro foreign exchange reference rate,,Monitorul Prețurilor Carburanților (Consiliul Concurenței),"No licence published by the source; aggregates computed by fuel-prices.eu (mean, median, p10, p90, number of stations); no station-level prices republished"
2026-10-01,RO,county (județ),Bucharest,diesel,diesel,Diesel (standard),stations,132,2.074,2.0743,2.0668,2.0781,RON,10.9483,10.95,10.91,10.97,5.2788,2026-09-30,ECB euro foreign exchange reference rate,,Monitorul Prețurilor Carburanților (Consiliul Concurenței),"No licence published by the source; aggregates computed by fuel-prices.eu (mean, median, p10, p90, number of stations); no station-level prices republished"
2026-10-01,RO,county (județ),Buzău,diesel,diesel,Diesel (standard),stations,25,2.0725,2.0743,2.0668,2.0781,RON,10.9404,10.95,10.91,10.97,5.2788,2026-09-30,ECB euro foreign exchange reference rate,,Monitorul Prețurilor Carburanților (Consiliul Concurenței),"No licence published by the source; aggregates computed by fuel-prices.eu (mean, median, p10, p90, number of stations); no station-level prices republished"
2026-10-01,RO,county (județ),Caraș-Severin,diesel,diesel,Diesel (standard),stations,14,2.0724,2.0743,2.0668,2.0781,RON,10.94,10.95,10.91,10.97,5.2788,2026-09-30,ECB euro foreign exchange reference rate,,Monitorul Prețurilor Carburanților (Consiliul Concurenței),"No licence published by the source; aggregates computed by fuel-prices.eu (mean, median, p10, p90, number of stations); no station-level prices republished"
2026-10-01,RO,county (județ),Cluj,diesel,diesel,Diesel (standard),stations,50,2.0751,2.0781,2.0668,2.0781,RON,10.9542,10.97,10.91,10.97,5.2788,2026-09-30,ECB euro foreign exchange reference rate,,Monitorul Prețurilor Carburanților (Consiliul Concurenței),"No licence published by the source; aggregates computed by fuel-prices.eu (mean, median, p10, p90, number of stations); no station-level prices republished"
2026-10-01,RO,county (județ),Constanța,diesel,diesel,Diesel (standard),stations,41,2.0738,2.0743,2.0668,2.0781,RON,10.9471,10.95,10.91,10.97,5.2788,2026-09-30,ECB euro foreign exchange reference rate,,Monitorul Prețurilor Carburanților (Consiliul Concurenței),"No licence published by the source; aggregates computed by fuel-prices.eu (mean, median, p10, p90, number of stations); no station-level prices republished"
2026-10-01,RO,county (județ),Covasna,diesel,diesel,Diesel (standard),stations,11,2.0719,2.0743,2.0668,2.0781,RON,10.9373,10.95,10.91,10.97,5.2788,2026-09-30,ECB euro foreign exchange reference rate,,Monitorul Prețurilor Carburanților (Consiliul Concurenței),"No licence published by the source; aggregates computed by fuel-prices.eu (mean, median, p10, p90, number of stations); no station-level prices republished"
2026-10-01,RO,county (județ),Călărași,diesel,diesel,Diesel (standard),stations,12,2.0709,2.0705,2.0668,2.0743,RON,10.9317,10.93,10.91,10.95,5.2788,2026-09-30,ECB euro foreign exchange reference rate,,Monitorul Prețurilor Carburanților (Consiliul Concurenței),"No licence published by the source; aggregates computed by fuel-prices.eu (mean, median, p10, p90, number of stations); no station-level prices republished"
2026-10-01,RO,county (județ),Dolj,diesel,diesel,Diesel (standard),stations,35,2.0725,2.0743,2.0668,2.0781,RON,10.9403,10.95,10.91,10.97,5.2788,2026-09-30,ECB euro foreign exchange reference rate,,Monitorul Prețurilor Carburanților (Consiliul Concurenței),"No licence published by the source; aggregates computed by fuel-prices.eu (mean, median, p10, p90, number of stations); no station-level prices republished"
2026-10-01,RO,county (județ),Dâmbovița,diesel,diesel,Diesel (standard),stations,19,2.0723,2.0743,2.0668,2.0781,RON,10.9395,10.95,10.91,10.97,5.2788,2026-09-30,ECB euro foreign exchange reference rate,,Monitorul Prețurilor Carburanților (Consiliul Concurenței),"No licence published by the source; aggregates computed by fuel-prices.eu (mean, median, p10, p90, number of stations); no station-level prices republished"
2026-10-01,RO,county (județ),Galați,diesel,diesel,Diesel (standard),stations,15,2.0752,2.0781,2.069,2.0781,RON,10.9547,10.97,10.922,10.97,5.2788,2026-09-30,ECB euro foreign exchange reference rate,,Monitorul Prețurilor Carburanților (Consiliul Concurenței),"No licence published by the source; aggregates computed by fuel-prices.eu (mean, median, p10, p90, number of stations); no station-level prices republished"
2026-10-01,RO,county (județ),Giurgiu,diesel,diesel,Diesel (standard),stations,11,2.0733,2.0743,2.0668,2.0781,RON,10.9445,10.95,10.91,10.97,5.2788,2026-09-30,ECB euro foreign exchange reference rate,,Monitorul Prețurilor Carburanților (Consiliul Concurenței),"No licence published by the source; aggregates computed by fuel-prices.eu (mean, median, p10, p90, number of stations); no station-level prices republished"
2026-10-01,RO,county (județ),Gorj,diesel,diesel,Diesel (standard),stations,15,2.0692,2.0668,2.0668,2.0781,RON,10.9227,10.91,10.91,10.97,5.2788,2026-09-30,ECB euro foreign exchange reference rate,,Monitorul Prețurilor Carburanților (Consiliul Concurenței),"No licence published by the source; aggregates computed by fuel-prices.eu (mean, median, p10, p90, number of stations); no station-level prices republished"
2026-10-01,RO,county (județ),Harghita,diesel,diesel,Diesel (standard),stations,21,2.0724,2.0743,2.0668,2.0781,RON,10.9395,10.95,10.91,10.97,5.2788,2026-09-30,ECB euro foreign exchange reference rate,,Monitorul Prețurilor Carburanților (Consiliul Concurenței),"No licence published by the source; aggregates computed by fuel-prices.eu (mean, median, p10, p90, number of stations); no station-level prices republished"
2026-10-01,RO,county (județ),Hunedoara,diesel,diesel,Diesel (standard),stations,37,2.0728,2.0743,2.0668,2.0781,RON,10.9419,10.95,10.91,10.97,5.2788,2026-09-30,ECB euro foreign exchange reference rate,,Monitorul Prețurilor Carburanților (Consiliul Concurenței),"No licence published by the source; aggregates computed by fuel-prices.eu (mean, median, p10, p90, number of stations); no station-level prices republished"
2026-10-01,RO,county (județ),Ialomița,diesel,diesel,Diesel (standard),stations,18,2.0725,2.0743,2.0668,2.0781,RON,10.9406,10.95,10.91,10.97,5.2788,2026-09-30,ECB euro foreign exchange reference rate,,Monitorul Prețurilor Carburanților (Consiliul Concurenței),"No licence published by the source; aggregates computed by fuel-prices.eu (mean, median, p10, p90, number of stations); no station-level prices republished"
2026-10-01,RO,county (județ),Iași,diesel,diesel,Diesel (standard),stations,32,2.0733,2.0743,2.0668,2.0781,RON,10.9447,10.95,10.91,10.97,5.2788,2026-09-30,ECB euro foreign exchange reference rate,,Monitorul Prețurilor Carburanților (Consiliul Concurenței),"No licence published by the source; aggregates computed by fuel-prices.eu (mean, median, p10, p90, number of stations); no station-level prices republished"
2026-10-01,RO,county (județ),Ilfov,diesel,diesel,Diesel (standard),stations,53,2.0752,2.0781,2.0668,2.0781,RON,10.9545,10.97,10.91,10.97,5.2788,2026-09-30,ECB euro foreign exchange reference rate,,Monitorul Prețurilor Carburanților (Consiliul Concurenței),"No licence published by the source; aggregates computed by fuel-prices.eu (mean, median, p10, p90, number of stations); no station-level prices republished"
2026-10-01,RO,county (județ),Maramureș,diesel,diesel,Diesel (standard),stations,24,2.072,2.0743,2.0668,2.0781,RON,10.9375,10.95,10.91,10.97,5.2788,2026-09-30,ECB euro foreign exchange reference rate,,Monitorul Prețurilor Carburanților (Consiliul Concurenței),"No licence published by the source; aggregates computed by fuel-prices.eu (mean, median, p10, p90, number of stations); no station-level prices republished"
2026-10-01,RO,county (județ),Mehedinți,diesel,diesel,Diesel (standard),stations,14,2.0727,2.0743,2.0668,2.0781,RON,10.9414,10.95,10.91,10.97,5.2788,2026-09-30,ECB euro foreign exchange reference rate,,Monitorul Prețurilor Carburanților (Consiliul Concurenței),"No licence published by the source; aggregates computed by fuel-prices.eu (mean, median, p10, p90, number of stations); no station-level prices republished"
2026-10-01,RO,county (județ),Mureș,diesel,diesel,Diesel (standard),stations,34,2.0744,2.0762,2.0668,2.0781,RON,10.9506,10.96,10.91,10.97,5.2788,2026-09-30,ECB euro foreign exchange reference rate,,Monitorul Prețurilor Carburanților (Consiliul Concurenței),"No licence published by the source; aggregates computed by fuel-prices.eu (mean, median, p10, p90, number of stations); no station-level prices republished"
2026-10-01,RO,county (județ),Neamț,diesel,diesel,Diesel (standard),stations,25,2.0722,2.0724,2.0668,2.0781,RON,10.9388,10.94,10.91,10.97,5.2788,2026-09-30,ECB euro foreign exchange reference rate,,Monitorul Prețurilor Carburanților (Consiliul Concurenței),"No licence published by the source; aggregates computed by fuel-prices.eu (mean, median, p10, p90, number of stations); no station-level prices republished"
2026-10-01,RO,county (județ),Olt,diesel,diesel,Diesel (standard),stations,17,2.0723,2.0743,2.0668,2.0781,RON,10.9394,10.95,10.91,10.97,5.2788,2026-09-30,ECB euro foreign exchange reference rate,,Monitorul Prețurilor Carburanților (Consiliul Concurenței),"No licence published by the source; aggregates computed by fuel-prices.eu (mean, median, p10, p90, number of stations); no station-level prices republished"
2026-10-01,RO,county (județ),Prahova,diesel,diesel,Diesel (standard),stations,34,2.0746,2.0781,2.0668,2.0781,RON,10.9512,10.97,10.91,10.97,5.2788,2026-09-30,ECB euro foreign exchange reference rate,,Monitorul Prețurilor Carburanților (Consiliul Concurenței),"No licence published by the source; aggregates computed by fuel-prices.eu (mean, median, p10, p90, number of stations); no station-level prices republished"
2026-10-01,RO,county (județ),Satu Mare,diesel,diesel,Diesel (standard),stations,25,2.0731,2.0743,2.0668,2.0781,RON,10.9436,10.95,10.91,10.97,5.2788,2026-09-30,ECB euro foreign exchange reference rate,,Monitorul Prețurilor Carburanților (Consiliul Concurenței),"No licence published by the source; aggregates computed by fuel-prices.eu (mean, median, p10, p90, number of stations); no station-level prices republished"
2026-10-01,RO,county (județ),Sibiu,diesel,diesel,Diesel (standard),stations,25,2.0734,2.0743,2.0668,2.0781,RON,10.9452,10.95,10.91,10.97,5.2788,2026-09-30,ECB euro foreign exchange reference rate,,Monitorul Prețurilor Carburanților (Consiliul Concurenței),"No licence published by the source; aggregates computed by fuel-prices.eu (mean, median, p10, p90, number of stations); no station-level prices republished"
2026-10-01,RO,county (județ),Suceava,diesel,diesel,Diesel (standard),stations,28,2.0723,2.0743,2.0668,2.0781,RON,10.9393,10.95,10.91,10.97,5.2788,2026-09-30,ECB euro foreign exchange reference rate,,Monitorul Prețurilor Carburanților (Consiliul Concurenței),"No licence published by the source; aggregates computed by fuel-prices.eu (mean, median, p10, p90, number of stations); no station-level prices republished"
2026-10-01,RO,county (județ),Sălaj,diesel,diesel,Diesel (standard),stations,14,2.0707,2.0696,2.0628,2.0781,RON,10.9307,10.925,10.889,10.97,5.2788,2026-09-30,ECB euro foreign exchange reference rate,,Monitorul Prețurilor Carburanților (Consiliul Concurenței),"No licence published by the source; aggregates computed by fuel-prices.eu (mean, median, p10, p90, number of stations); no station-level prices republished"
2026-10-01,RO,county (județ),Teleorman,diesel,diesel,Diesel (standard),stations,13,2.0729,2.0743,2.0668,2.0781,RON,10.9423,10.95,10.91,10.97,5.2788,2026-09-30,ECB euro foreign exchange reference rate,,Monitorul Prețurilor Carburanților (Consiliul Concurenței),"No licence published by the source; aggregates computed by fuel-prices.eu (mean, median, p10, p90, number of stations); no station-level prices republished"
2026-10-01,RO,county (județ),Timiș,diesel,diesel,Diesel (standard),stations,58,2.074,2.0743,2.0668,2.0781,RON,10.9483,10.95,10.91,10.97,5.2788,2026-09-30,ECB euro foreign exchange reference rate,,Monitorul Prețurilor Carburanților (Consiliul Concurenței),"No licence published by the source; aggregates computed by fuel-prices.eu (mean, median, p10, p90, number of stations); no station-level prices republished"
2026-10-01,RO,county (județ),Tulcea,diesel,diesel,Diesel (standard),stations,9,2.0718,2.0743,2.0668,2.0781,RON,10.9367,10.95,10.91,10.97,5.2788,2026-09-30,ECB euro foreign exchange reference rate,few_stations,Monitorul Prețurilor Carburanților (Consiliul Concurenței),"No licence published by the source; aggregates computed by fuel-prices.eu (mean, median, p10, p90, number of stations); no station-level prices republished"
2026-10-01,RO,county (județ),Vaslui,diesel,diesel,Diesel (standard),stations,13,2.0735,2.0743,2.0668,2.0781,RON,10.9454,10.95,10.91,10.97,5.2788,2026-09-30,ECB euro foreign exchange reference rate,,Monitorul Prețurilor Carburanților (Consiliul Concurenței),"No licence published by the source; aggregates computed by fuel-prices.eu (mean, median, p10, p90, number of stations); no station-level prices republished"
2026-10-01,RO,county (județ),Vrancea,diesel,diesel,Diesel (standard),stations,17,2.0743,2.0743,2.0668,2.0781,RON,10.95,10.95,10.91,10.97,5.2788,2026-09-30,ECB euro foreign exchange reference rate,,Monitorul Prețurilor Carburanților (Consiliul Concurenței),"No licence published by the source; aggregates computed by fuel-prices.eu (mean, median, p10, p90, number of stations); no station-level prices republished"
2026-10-01,RO,county (județ),Vâlcea,diesel,diesel,Diesel (standard),stations,17,2.0631,2.0743,2.0668,2.0781,RON,10.8906,10.95,10.91,10.97,5.2788,2026-09-30,ECB euro foreign exchange reference rate,,Monitorul Prețurilor Carburanților (Consiliul Concurenței),"No licence published by the source; aggregates computed by fuel-prices.eu (mean, median, p10, p90, number of stations); no station-level prices republished"
# SAMPLE of 194 of 182615 rows; full file: https://www.fuel-prices.eu/research/data/d3-regional-daily/fp-d3-regional-daily.zip
# Source: fuel-prices.eu (https://www.fuel-prices.eu/research/)
# Daily statistics computed by fuel-prices.eu from national fuel-price feeds (our own statistics: CC BY 4.0). The underlying source data keep their own terms: see source_terms.
# Portugal and Andorra are excluded (their sources restrict reuse). Withdrawn on 1 October 2026 (their sources do not allow republication): Türkiye, Serbia, North Macedonia, Montenegro, Bosnia and Herzegovina, Moldova, Lithuania. Excluded pending licence review: Australia, Sweden.
# Statistics are unweighted: mean = arithmetic mean of the observations (one station or prefecture average = one observation; no weighting by sales volume). date = calendar day in Bucharest time (Europe/Bucharest, UTC+2/UTC+3): station feeds are snapshotted daily at 09:35-10:00 Bucharest time; Italy = day of the MIMIT daily file (prices in force at about 08:00 that day, published by MIMIT the next morning; since version 2026-09.7); Romania = last price read that day; Greece = day of the source bulletin.
# Contains public sector information licensed under the Open Government Licence v3.0 (United Kingdom rows: UK Fuel Finder, Department for Energy Security and Net Zero).
# Freshness: a station price counts on a day only if fuel-prices.eu read it from the source feed in the 48 hours before that day's snapshot (France 6 hours from 24 September 2026, United Kingdom 7 days); stations that left a feed are not carried forward (since version 2026-09.3).
# Version 2026-10.1, built 2026-10-01T12:20Z.
